satelite_id,Datetime,a0,a1,a2,IODEC,C_rs,Delta n,M0,C_uc,e,C_us,sqrt(A),T_oe,C_ic,OMEGA0,C_is,i0,C_rc,omega,OMEGA DOT,IDOT,Spare1,IRN Week,Spare2,User Range accurracy,Health,TGD,Spare3,t_tm
I02,2023-12-31 23:50:24,-0.00010058097541300001,2.52384779742e-11,0.0,160.0,-193.875,4.728768400760001e-09,1.37963348007,-6.51180744171e-06,0.00168942310847,-3.2931566238399996e-06,6493.3537674,85824.0,-1.1175870895399999e-07,2.73369887086,4.09781932831e-08,0.504254171936,186.875,3.10472284627,-4.253034298810001e-09,-4.96449250533e-10,0.0,2295.0,,2.0,0.0,-1.8626451492300002e-09,,86220.0
I02,2024-01-01 00:05:36,-0.00010056048631700002,2.43289832724e-11,0.0,161.0,-193.875,4.72591113888e-09,1.44666464101,-6.52298331261e-06,0.00168952660169,-3.35648655891e-06,6493.35108566,86736.0,-1.1175870895399999e-07,2.73369594648,4.09781932831e-08,0.5042538018180001,188.0625,3.10420010468,-4.253034298810001e-09,-4.971635660009999e-10,0.0,2295.0,,2.0,0.0,-1.8626451492300002e-09,,86988.0
I02,2024-01-01 00:20:48,-0.000100537203252,1.93267624127e-11,0.0,162.0,-193.75,4.72305387701e-09,1.51579696925,-6.52670860291e-06,0.00168781308457,-3.3974647522e-06,6493.33618546,87647.99999999999,-1.1175870895399999e-07,2.7336919732,4.09781932831e-08,0.5042533395359999,188.4375,3.1015803973,-4.253034298810001e-09,-4.97877881469e-10,0.0,2295.0,,2.0,0.0,-1.8626451492300002e-09,,87804.0
I02,2024-01-01 00:36:00,-0.000100507866591,2.33058017329e-11,0.0,163.0,-193.625,4.71733935326e-09,1.57868872595,-6.52298331261e-06,0.00169006641954,-3.41609120369e-06,6493.35660744,88560.0,-1.1175870895399999e-07,2.73368720994,3.72529029846e-08,0.504252808496,188.0,3.10519533224,-4.253034298810001e-09,-4.98592196938e-10,0.0,2295.0,,2.0,0.0,-1.8626451492300002e-09,,88716.00000000001
I02,2024-01-01 00:50:24,-0.00010049017146200002,2.8080648917199998e-11,0.0,164.0,-193.6875,4.71305346045e-09,1.64191730637,-6.52298331261e-06,0.00168987247162,-3.40864062309e-06,6493.35514259,89423.99999999999,-1.1175870895399999e-07,2.73368443186,3.72529029846e-08,0.504252393028,186.9375,3.10497545272,-4.253034298810001e-09,-4.989493546720001e-10,0.0,2295.0,,2.0,0.0,-1.8626451492300002e-09,,89628.0
I02,2024-01-01 01:05:36,-0.00010046362876899999,2.59205990005e-11,0.0,165.0,-194.0625,4.7059103057700005e-09,1.7085126289,-6.530433893199999e-06,0.0016894652508200002,-3.3825635909999998e-06,6493.35465622,90336.0,-1.1175870895399999e-07,2.73368010601,3.72529029846e-08,0.504251940986,185.125,3.10489096482,-4.253034298810001e-09,-4.989493546720001e-10,0.0,2295.0,,2.0,0.0,-1.8626451492300002e-09,,90540.0
I02,2024-01-01 01:20:48,-0.00010045012459200001,2.8762769943599998e-11,0.0,166.0,-194.8125,4.663051377660001e-09,1.77473392571,-6.556510925289999e-06,0.00168907805346,-3.33786010742e-06,6493.35603905,91248.0,-1.1548399925199999e-07,2.73367513355,3.72529029846e-08,0.504251202212,182.5,3.10518113901,-4.21731852539e-09,-5.00377985609e-10,0.0,2295.0,,2.0,0.0,-1.8626451492300002e-09,,91452.00000000001
I02,2024-01-01 01:36:00,-0.000100417993963,3.29691829393e-11,0.0,167.0,-196.3125,4.654479592040001e-09,1.84106232274,-6.586313247679999e-06,0.00168935861439,-3.2857060432399997e-06,6493.35659599,92160.0,-1.1548399925199999e-07,2.73367139287,4.09781932831e-08,0.504250737004,179.8125,3.10536146999,-4.21731852539e-09,-4.9966367014e-10,0.0,2295.0,,2.0,0.0,-1.8626451492300002e-09,,92364.0
I02,2024-01-01 01:50:24,-0.000100394245237,2.93312041322e-11,0.0,168.0,-198.25,4.6444791754900005e-09,1.90391099504,-6.6272914409599995e-06,0.00168924906757,-3.2298266887699998e-06,6493.35727692,93024.0,-1.19209289551e-07,2.73366766389,4.09781932831e-08,0.504250317147,177.1875,3.10552189944,-4.21588989445e-09,-4.98592196938e-10,0.0,2295.0,,2.0,0.0,-1.8626451492300002e-09,,93228.00000000001
I02,2024-01-01 02:05:36,-0.000100369565189,2.8080648917199998e-11,0.0,169.0,-200.875,4.63305012799e-09,1.97025625368,-6.68317079544e-06,0.00168915721588,-3.17022204399e-06,6493.35795212,93936.0,-1.2293457984899999e-07,2.73366379154,4.47034835815e-08,0.504249868031,174.5,3.10568609005,-4.21446126351e-09,-4.96806408267e-10,0.0,2295.0,,2.0,0.0,-1.8626451492300002e-09,,94140.0
I02,2024-01-01 02:20:48,-0.000100344419479,2.78532752418e-11,0.0,170.0,-203.93750000000003,4.620192449560001e-09,2.03657248216,-6.750226020809999e-06,0.00168892950751,-3.1217932701099998e-06,6493.35888863,94848.0,-1.26659870148e-07,2.73365978754,4.842877388e-08,0.504249435007,172.125,3.10587955073,-4.2130326325800005e-09,-4.94663461862e-10,0.0,2295.0,,2.0,0.0,-1.8626451492300002e-09,,95052.0
I02,2024-01-01 02:36:00,-0.000100318808109,2.79669620795e-11,0.0,171.0,-207.3125,4.60733477113e-09,2.10290549178,-6.81728124619e-06,0.00168872822542,-3.0845403671299995e-06,6493.359775540001,95760.0,-1.34110450745e-07,2.73365583912,4.842877388e-08,0.5042490122240001,170.3125,3.10605607666,-4.2101753707e-09,-4.92163357722e-10,0.0,2295.0,,2.0,0.0,-1.8626451492300002e-09,,95963.99999999999
I02,2024-01-01 02:50:24,-0.0001002936623991,2.84217094304e-11,0.0,172.0,-210.4375,4.594477092698e-09,2.165836669734,-6.880611181258999e-06,0.001688630203716,-3.065913915634e-06,6493.360067368,96624.0,-1.415610313416e-07,2.733652137938,4.842877388e-08,0.5042486113844,169.25,3.106133836611,-4.2073181088300005e-09,-4.893060958486001e-10,0.0,2295.0,,2.0,0.0,-1.862645149231e-09,,96876.0
I02,2024-01-01 03:05:36,-0.000100242439657,2.8308022592699998e-11,0.0,173.0,-213.5625,4.61876381862e-09,2.23241410224,-6.93649053574e-06,0.00168860587291,-3.0398368835399998e-06,6493.35977936,97536.0,-1.52736902237e-07,2.73365076133,4.47034835815e-08,0.504248517758,168.8125,3.10606324935,-4.235890727570001e-09,-4.843058875699999e-10,0.0,2295.0,,2.0,0.0,-1.8626451492300002e-09,,97739.99999999999
I02,2024-01-01 03:20:48,-0.00010021729394800001,2.79669620795e-11,0.0,174.0,-215.93749999999997,4.60590614019e-09,2.29886013838,-6.973743438719999e-06,0.00168850657064,-3.0510127544399997e-06,6493.36003876,98448.0,-1.63912773132e-07,2.73364686851,4.09781932831e-08,0.504248073031,169.0,3.1061265937,-4.230176203820001e-09,-4.803771524940001e-10,0.0,2295.0,,2.0,0.0,-1.8626451492300002e-09,,98652.0
I02,2024-01-01 03:36:00,-0.00010019028559300002,2.92175172945e-11,0.0,175.0,-217.31250000000003,4.5916198308200005e-09,2.36532070128,-6.9811940193199995e-06,0.00168841145933,-3.06963920593e-06,6493.36037064,99360.0,-1.7881393432599998e-07,2.73364300494,2.9802322387700004e-08,0.504247647321,169.6875,3.10617538787,-4.2216044182e-09,-4.75734101949e-10,0.0,2295.0,,2.0,0.0,-1.8626451492300002e-09,,99564.0
I02,2024-01-01 03:50:24,-0.00010016700252890001,2.78532752418e-11,0.0,176.0,-217.49999999999997,4.578762152394e-09,2.428371187521,-6.955116987228e-06,0.001688523450866,-3.088265657425e-06,6493.3599262239995,100224.0,-1.899898052216e-07,2.733639371052,1.862645149231e-08,0.504247224538,170.5625,3.106133665449,-4.213032632577e-09,-4.714482091388e-10,0.0,2295.0,,2.0,0.0,-1.862645149231e-09,,100476.00000000001
I02,2024-01-01 04:05:36,-0.0001001376658678,3.046807250939e-11,0.0,177.0,-216.5,4.565904473963001e-09,2.494882041166,-6.891787052155e-06,0.001688466407359,-3.0994415283199995e-06,6493.360147476001,101136.0,-2.011656761169e-07,2.733635408007,3.725290298462e-09,0.5042468471052,171.375,3.106132309324,-4.201603585083001e-09,-4.664480008601e-10,0.0,2295.0,,2.0,0.0,-1.862645149231e-09,,101387.99999999999
I02,2024-01-01 04:20:48,-0.0001001139171422,2.751221472863e-11,0.0,178.0,-214.125,4.553046795532001e-09,2.561474116021,-6.798654794693e-06,0.001688646734692,-3.0957162380219997e-06,6493.359556198,102048.0,-2.0861625671389998e-07,2.733631487387,-1.4901161193850002e-08,0.5042464623577,171.6875,3.106049635435,-4.187317275715e-09,-4.6109063484709995e-10,0.0,2295.0,,2.0,0.0,-1.862645149231e-09,,102240.0
I02,2024-01-01 04:36:00,-0.00010008644312620002,2.8990143619009997e-11,0.0,179.0,-210.75,4.540189117101e-09,2.62808516785,-6.679445505141999e-06,0.001688916236162,-3.0621886253359996e-06,6493.3587703700005,102960.0,-2.123415470123e-07,2.733627574081,-3.725290298462e-08,0.5042460980911,171.1875,3.105947996275,-4.170173704473e-09,-4.557332688342e-10,0.0,2295.0,,2.0,0.0,-1.862645149231e-09,,103152.0
I02,2024-01-01 04:50:24,-0.0001000589691103,3.092281986028e-11,0.0,180.0,-206.9375,4.528760069606e-09,2.69118843032,-6.552785634995e-06,0.001689380849712,-3.00258398056e-06,6493.357526778999,103824.0,-2.123415470123e-07,2.733623894842,-6.332993507385e-08,0.5042457689345999,169.75,3.105853504934,-4.151601502295e-09,-4.5073306055550005e-10,0.0,2295.0,,2.0,0.0,-1.862645149231e-09,,104064.0
I02,2024-01-01 05:05:36,-0.0001000468619168,2.933120413218e-11,0.0,181.0,-200.74999999999997,4.468757570261001e-09,2.757766882483,-6.351619958878e-06,0.001689243828878,-2.950429916382e-06,6493.358137130999,104736.0,-2.0489096641539998e-07,2.733620079552,-5.960464477539e-08,0.5042455787552,167.4375,3.105785151549,-4.093027633887e-09,-4.532331646948e-10,0.0,2295.0,,2.0,0.0,-1.862645149231e-09,,104976.0
I02,2024-01-01 05:20:48,-0.0001000254414976,2.194155968027e-11,0.0,182.0,-196.6875,4.4616144155770004e-09,2.824397863645,-6.224960088729999e-06,0.0016897611785680001,-2.831220626831e-06,6493.3566780090005,105648.00000000001,-1.974403858185e-07,2.73361624378,-7.82310962677e-08,0.5042452393582,163.875,3.10566358452,-4.078741324519001e-09,-4.5001874508709995e-10,0.0,2295.0,,2.0,0.0,-1.862645149231e-09,,105840.0
I02,2024-01-01 05:36:00,-0.0001000007614493,2.6716406864579996e-11,0.0,183.0,-193.3125,4.45589989183e-09,2.890979464007,-6.1243772506710005e-06,0.001690376549959,-2.6971101760859997e-06,6493.355121613,106560.00000000001,-1.825392246246e-07,2.733612473841,-9.685754776001e-08,0.5042449277567,159.625,3.105591284183,-4.061597753278e-09,-4.475186409477e-10,0.0,2295.0,,2.0,0.0,-1.862645149231e-09,,106752.0
I02,2024-01-01 05:50:24,-9.997840970755e-05,2.6147972675969997e-11,0.0,184.0,-190.875,4.448756737146e-09,2.954022800964,-6.049871444702e-06,0.001690736156888,-2.5629997253419997e-06,6493.354318619,107424.00000000001,-1.676380634308e-07,2.733608949671,-1.117587089539e-07,0.5042445751934,155.375,3.105556817833,-4.0458828129730004e-09,-4.457328522767e-10,0.0,2295.0,,2.0,0.0,-1.862645149231e-09,,107664.0
I02,2024-01-01 06:05:36,-9.995233267546001e-05,2.84217094304e-11,0.0,185.0,-189.25,4.438756320589e-09,3.020567054491,-6.0014426708219996e-06,0.0016912699211390002,-2.428889274597e-06,6493.352903366,108336.00000000001,-1.4901161193850001e-07,2.733605195823,-1.229345798492e-07,0.5042443030906,151.125,3.105521990142,-4.027310610795001e-09,-4.443042213399e-10,0.0,2295.0,,2.0,0.0,-1.862645149231e-09,,108576.0
I02,2024-01-01 06:20:48,-9.992718696594001e-05,2.717115421547e-11,0.0,186.0,-188.5,4.425898642158e-09,3.087123829133,-5.98281621933e-06,0.001691541052423,-2.313405275345e-06,6493.352285385,109247.99999999999,-1.229345798492e-07,2.733601507807,-1.303851604462e-07,0.5042439827116,147.4375,3.105474787627,-4.00730977768e-09,-4.4323274813730003e-10,0.0,2295.0,,2.0,0.0,-1.862645149231e-09,,109488.00000000001
I02,2024-01-01 06:36:00,-9.990297257900001e-05,2.728484105319e-11,0.0,187.0,-188.4375,4.410183701853e-09,-3.129591151622,-5.979090929030999e-06,0.0016917987959459999,-2.231448888779e-06,6493.351655959999,110159.99999999999,-9.685754776001e-08,2.733597860752,-1.303851604462e-07,0.504243653555,144.875,3.105513768542,-3.985880313628e-09,-4.4287559040310003e-10,0.0,2295.0,,2.0,0.0,-1.862645149231e-09,,110352.0
I02,2024-01-01 06:50:24,-9.987829253078002e-05,2.648903318914e-11,0.0,188.0,-188.625,4.393040130612e-09,-3.066538225237,-5.986541509628e-06,0.0016921130009,-2.186745405197e-06,6493.350786209,111023.99999999999,-6.705522537231e-08,2.733594463856,-1.266598701477e-07,0.5042431269045,143.5625,3.105469933665,-3.96302221864e-09,-4.4323274813730003e-10,0.0,2295.0,,2.0,0.0,-1.862645149231e-09,,111264.00000000001
I02,2024-01-01 07:05:36,-9.9859200418e-05,2.432898327243e-11,0.0,189.0,-187.5,4.36732477375e-09,-3.000000976162,-5.930662155151e-06,0.001692320802249,-2.156943082809e-06,6493.350128174,111935.99999999999,-6.705522537231e-08,2.733590898725,-1.303851604462e-07,0.5042435628541,143.0,3.105442189424,-3.937306861778e-09,-4.457328522767e-10,0.0,2295.0,,2.0,0.0,-1.862645149231e-09,,112176.00000000001
I02,2024-01-01 07:20:48,-9.983824566007e-05,2.3646862246100002e-11,0.0,190.0,-186.9375,4.344466678761e-09,-2.933335591556,-5.915760993958e-06,0.0016913688741620001,-2.201646566391e-06,6493.353223801,112848.0,-4.0978193283079996e-08,2.733584431164,-1.1548399925229999e-07,0.504242922096,144.625,3.105289292541,-3.915877397726e-09,-4.478757986819e-10,0.0,2295.0,,2.0,0.0,-1.862645149231e-09,,113088.00000000001
I02,2024-01-01 07:36:00,-9.981542825699e-05,2.3646862246100002e-11,0.0,191.0,-185.375,4.320179952836e-09,-2.866804477959,-5.874782800674e-06,0.001690891804174,-2.27615237236e-06,6493.354545593,113760.0,-2.2351741790770002e-08,2.733580939178,-1.0058283805849999e-07,0.5042426426786001,147.375,3.105267262457,-3.8944479336740005e-09,-4.5001874508709995e-10,0.0,2295.0,,2.0,0.0,-1.862645149231e-09,,113999.99999999999
I02,2024-01-01 07:50:24,-9.979121387005e-05,2.705746737774e-11,0.0,192.0,-182.6875,4.298750488784e-09,-2.803780136994,-5.804002285003999e-06,0.0016906174132600002,-2.37300992012e-06,6493.355125427,114623.99999999999,-1.117587089539e-08,2.733577676871,-8.195638656615999e-08,0.5042424247038001,150.75,3.105251467331,-3.878732993369e-09,-4.5216169149220006e-10,0.0,2295.0,,2.0,0.0,-1.862645149231e-09,,114864.00000000001
I02,2024-01-01 08:05:36,-9.976793080568e-05,2.501110429876e-11,0.0,193.0,-178.4375,4.277321024732e-09,-2.73707509853,-5.6847929954529994e-06,0.0016899319598450001,-2.488493919373e-06,6493.3571853640005,115536.0,-3.725290298462e-09,2.733574154164,-7.078051567078001e-08,0.5042419829026,154.75,3.105055718651,-3.867303945875e-09,-4.543046378974e-10,0.0,2295.0,,2.0,0.0,-1.862645149231e-09,,115775.99999999999
I02,2024-01-01 08:20:48,-9.974371641874002e-05,2.6375346351409998e-11,0.0,194.0,-172.625,4.260177453491e-09,-2.670362761568,-5.520880222321e-06,0.001689365017228,-2.603977918625e-06,6493.358764648,116448.0,3.725290298462e-09,2.733570678271,-6.332993507385e-08,0.5042416259506001,158.6875,3.104852563218,-3.861589422128e-09,-4.557332688342e-10,0.0,2295.0,,2.0,0.0,-1.862645149231e-09,,116687.99999999999
I02,2024-01-01 08:36:00,-9.971624240279001e-05,2.78532752418e-11,0.0,195.0,-165.4375,4.2458911441230005e-09,-2.603613392297,-5.312263965607e-06,0.0016888915561140002,-2.71201133728e-06,6493.360162735,117360.0,3.725290298462e-09,2.733567171656,-5.960464477539e-08,0.5042412104818,162.125,3.104612448622,-3.860160791191e-09,-4.557332688342e-10,0.0,2295.0,,2.0,0.0,-1.862645149231e-09,,117600.0
I02,2024-01-01 08:50:24,-9.969109669328002e-05,2.921751729446e-11,0.0,196.0,-157.5,4.2330334656920005e-09,-2.540373304562,-5.081295967102e-06,0.0016883956268430001,-2.790242433548e-06,6493.361589432,118224.0,3.725290298462e-09,2.733563827426,-6.332993507385e-08,0.5042408125681,164.5625,3.104380969631,-3.861589422128e-09,-4.546617956316e-10,0.0,2295.0,,2.0,0.0,-1.862645149231e-09,,118512.0
I02,2024-01-01 09:05:36,-9.966641664505001e-05,2.717115421547e-11,0.0,197.0,-148.1875,4.224461680071001e-09,-2.473683963209,-4.8428773879999995e-06,0.0016882899217309998,-2.7604401111599996e-06,6493.361810684,119136.0,6.705522537231e-08,2.733560304719,-1.0430812835689999e-07,0.5042404058769,164.3125,3.104200849305,-3.847303112760001e-09,-4.4323274813730003e-10,0.0,2295.0,,2.0,0.0,-1.862645149231e-09,,119424.0
I02,2024-01-01 09:20:48,-9.964406490326001e-05,2.6602720026859996e-11,0.0,198.0,-138.5625,4.2073181088300005e-09,-2.406771427371,-4.544854164123999e-06,0.001687674433924,-2.7716159820559995e-06,6493.363965988,120048.0,7.078051567078001e-08,2.733557033634,-1.0058283805849999e-07,0.5042400240553001,164.1875,3.103797187783,-3.844445850887e-09,-4.439470636057e-10,0.0,2295.0,,2.0,0.0,-1.862645149231e-09,,120288.0
I02,2024-01-01 09:36:00,-9.961845353246001e-05,2.7739588404069998e-11,0.0,199.0,-129.1875,4.191603168525e-09,-2.340013818945,-4.254281520844e-06,0.001687487587333,-2.7380883693700002e-06,6493.364665985,120960.0,7.078051567078001e-08,2.733553885434,-9.313225746155001e-08,0.5042398148580001,162.6875,3.103548402471,-3.841588589013e-09,-4.439470636057e-10,0.0,2295.0,,2.0,0.0,-1.862645149231e-09,,121200.0
I02,2024-01-01 09:50:24,-9.959517046809e-05,2.694378054002e-11,0.0,200.0,-121.0625,4.180174121031001e-09,-2.276488488517,-3.989785909653e-06,0.001686724135652,-2.674758434296e-06,6493.367794037,121824.0,7.450580596924e-08,2.733550201807,-8.940696716309e-08,0.5042392326166001,160.125,3.103031710046,-3.8401599580760006e-09,-4.439470636057e-10,0.0,2295.0,,2.0,0.0,-1.862645149231e-09,,122112.0
I02,2024-01-01 10:05:36,-9.957002475858e-05,2.7739588404069998e-11,0.0,200.99999999999997,-113.43749999999999,4.170173704473e-09,-2.209602560233,-3.740191459656e-06,0.001686356496066,-2.574175596237e-06,6493.369524002001,122736.0,7.82310962677e-08,2.733546708358,-8.940696716309e-08,0.5042388303141,156.5,3.102654625356,-3.8401599580760006e-09,-4.4287559040310003e-10,0.0,2295.0,,2.0,0.0,-1.862645149231e-09,,123024.0
I02,2024-01-01 10:20:48,-9.954255074263e-05,2.8990143619009997e-11,0.0,202.0,-107.125,4.161601918853e-09,-2.14271391531,-3.5203993320469996e-06,0.00168603961356,-2.4475157260890002e-06,6493.371305466,123648.0,8.195638656615999e-08,2.733543168097,-8.568167686462001e-08,0.5042384046049001,152.25,3.102274807935,-3.841588589013e-09,-4.414469594664e-10,0.0,2295.0,,2.0,0.0,-1.862645149231e-09,,123888.0
I02,2024-01-01 10:36:00,-9.952066466212002e-05,2.84217094304e-11,0.0,202.99999999999997,-102.125,4.157316026042001e-09,-2.075913417052,-3.34158539772e-06,0.001685850438662,-2.3096799850459996e-06,6493.372428894,124560.0,8.940696716309e-08,2.733539654167,-8.195638656615999e-08,0.5042380081541,147.8125,3.101983018684,-3.8430172199500005e-09,-4.393040130612001e-10,0.0,2295.0,,2.0,0.0,-1.862645149231e-09,,124800.0
I02,2024-01-01 10:50:24,-9.949505329132001e-05,2.7625901566349997e-11,0.0,204.0,-98.5625,4.154458764169e-09,-2.012634286959,-3.203749656677e-06,0.001685835537501,-2.1755695343019996e-06,6493.373447417999,125424.0,9.313225746155001e-08,2.733536200218,-7.82310962677e-08,0.5042375824449999,143.625,3.101712451985,-3.844445850887e-09,-4.368039089218e-10,0.0,2295.0,,2.0,0.0,-1.862645149231e-09,,125712.0
I02,2024-01-01 11:05:36,-9.946804493666001e-05,2.9103830456729997e-11,0.0,204.99999999999997,-95.9375,4.153030133232e-09,-1.945842516471,-3.0957162380219997e-06,0.0016855639405550002,-2.041459083557e-06,6493.374887466,126336.0,1.0430812835689999e-07,2.73353269214,-7.078051567078001e-08,0.5042371918459,139.625,3.101429043791,-3.847303112760001e-09,-4.332323315798e-10,0.0,2295.0,,2.0,0.0,-1.862645149231e-09,,126624.0
I02,2024-01-01 11:20:48,-9.944522753358e-05,2.52384779742e-11,0.0,206.0,-94.125,4.153030133232e-09,-1.879154757996,-3.021210432053e-06,0.001685516210273,-1.914799213409e-06,6493.37553978,127248.0,1.117587089539e-07,2.733528793464,-6.705522537231e-08,0.5042367544334,136.125,3.101250149391,-3.850160374634001e-09,-4.2894643876950004e-10,0.0,2295.0,,2.0,0.0,-1.862645149231e-09,,127536.0
I02,2024-01-01 11:36:00,-9.942054748535e-05,2.535216481192e-11,0.0,206.99999999999997,-93.1875,4.155887395106001e-09,-1.812472998947,-2.972781658173e-06,0.0016858383314680002,-1.8104910850519998e-06,6493.375997542999,128160.0,1.229345798492e-07,2.733525000117,-5.587935447693e-08,0.5042363170208,133.375,3.101077855677,-3.8530176365070006e-09,-4.239462304908e-10,0.0,2295.0,,2.0,0.0,-1.862645149231e-09,,128400.0
I02,2024-01-01 11:50:24,-9.939540177584001e-05,2.830802259268e-11,0.0,208.0,-92.75,4.157316026042001e-09,-1.749392606275,-2.950429916382e-06,0.001685470109805,-1.732259988785e-06,6493.376502991,129024.0,1.303851604462e-07,2.733521768531,-4.4703483581540004e-08,0.5042359761609,131.4375,3.101004689292,-3.855874898381e-09,-4.182317067436e-10,0.0,2295.0,,2.0,0.0,-1.862645149231e-09,,129312.0
I02,2024-01-01 12:05:36,-9.936746209860001e-05,3.069544618484e-11,0.0,209.0,-92.6875,4.158744656979e-09,-1.682951791297,-2.9392540454859996e-06,0.001685511437245,-1.676380634308e-06,6493.376073837,129936.0,1.3783574104309998e-07,2.73351824875,-2.607703208923e-08,0.5042355958022,130.1875,3.101072368272,-3.858732160254e-09,-4.114457097939e-10,0.0,2295.0,,2.0,0.0,-1.862645149231e-09,,130224.0
I02,2024-01-01 12:20:48,-9.934557601810002e-05,2.592059900053e-11,0.0,210.0,-92.75,4.161601918853e-09,-1.61629152983,-2.9429793357849998e-06,0.0016854694113140002,-1.650303602219e-06,6493.376825333,130848.00000000001,1.415610313416e-07,2.733514487588,-1.117587089539e-08,0.5042352066660001,129.75,3.100920716332,-3.858732160254e-09,-4.043025551100001e-10,0.0,2295.0,,2.0,0.0,-1.862645149231e-09,,131136.0
I02,2024-01-01 12:36:00,-9.931670501828001e-05,3.240074875066e-11,0.0,211.0,-92.875,4.163030549790001e-09,-1.549794301805,-2.946704626083e-06,0.001685471623205,-1.650303602219e-06,6493.376800537,131760.0,1.4528632163999998e-07,2.733510847847,7.450580596924e-09,0.5042348394736,130.0625,3.100932032003,-3.860160791191e-09,-3.9644508495770004e-10,0.0,2295.0,,2.0,0.0,-1.862645149231e-09,,132000.0
I02,2024-01-01 12:50:24,-9.928876534104002e-05,3.228706191294e-11,0.0,212.0,-92.9375,4.164459180726e-09,-1.486882100825,-2.946704626083e-06,0.0016853538108990002,-1.6801059246059999e-06,6493.376405716,132624.0,1.415610313416e-07,2.733507300271,2.607703208923e-08,0.5042344869103,131.0625,3.101027799009,-3.858732160254e-09,-3.889447725395e-10,0.0,2295.0,,2.0,0.0,-1.862645149231e-09,,132912.0
I02,2024-01-01 13:05:36,-9.926268830895e-05,2.9103830456729997e-11,0.0,213.0,-92.8125,4.165887811663e-09,-1.420396950651,-2.9429793357849998e-06,0.001685460447334,-1.7359852790829997e-06,6493.376430511,133536.0,1.341104507446e-07,2.733503698567,4.4703483581540004e-08,0.5042341445875,132.875,3.101051400267,-3.857303529318e-09,-3.80730144653e-10,0.0,2295.0,,2.0,0.0,-1.862645149231e-09,,133824.0
I02,2024-01-01 13:20:48,-9.923335164785e-05,3.137756721117e-11,0.0,214.0,-92.375,4.165887811663e-09,-1.354124643355,-2.928078174591e-06,0.0016854065470399999,-1.821666955948e-06,6493.37530899,134448.0,1.229345798492e-07,2.733499925701,6.332993507385e-08,0.504233868096,135.4375,3.101287818069,-3.8530176365070006e-09,-3.7322983223490003e-10,0.0,2295.0,,2.0,0.0,-1.862645149231e-09,,134736.0
I02,2024-01-01 13:36:00,-9.920541197062001e-05,3.1263880373439994e-11,0.0,215.0,-91.3125,4.165887811663e-09,-1.287695723364,-2.8870999813079995e-06,0.001685343449935,-1.929700374603e-06,6493.375125885,135360.0,1.117587089539e-07,2.733496322534,7.82310962677e-08,0.5042335330877,138.8125,3.101367408127,-3.848731743697e-09,-3.6537236208260004e-10,0.0,2295.0,,2.0,0.0,-1.862645149231e-09,,135600.0
I02,2024-01-01 13:50:24,-9.918259456754002e-05,2.7625901566349997e-11,0.0,216.0,-89.625,4.1673164426e-09,-1.224963714393,-2.8274953365329998e-06,0.001685267663561,-2.052634954453e-06,6493.373928069999,136224.0,9.313225746155001e-08,2.733492789587,8.940696716309e-08,0.5042332405041,142.625,3.101643770907,-3.844445850887e-09,-3.585863651329e-10,0.0,2295.0,,2.0,0.0,-1.862645149231e-09,,136512.0
I02,2024-01-01 14:05:36,-9.915465489030001e-05,3.228706191294e-11,0.0,217.0,-86.875,4.1673164426e-09,-1.158847395126,-2.7306377887729997e-06,0.0016850148094820002,-2.197921276093e-06,6493.372011185001,137136.0,7.82310962677e-08,2.733489253714,9.313225746155001e-08,0.5042329157363,147.1875,3.102036040687,-3.83873132714e-09,-3.521575259173e-10,0.0,2295.0,,2.0,0.0,-1.862645149231e-09,,137424.0
I02,2024-01-01 14:20:48,-9.912764653563001e-05,2.8990143619009997e-11,0.0,218.00000000000003,-83.0625,4.170173704473e-09,-1.092439566024,-2.596527338028e-06,0.0016849504318090002,-2.346932888031e-06,6493.371940612999,138048.0,5.960464477539e-08,2.733485482311,9.685754776001e-08,0.5042326363190001,152.0625,3.102137068346,-3.831588172456e-09,-3.464430021702e-10,0.0,2295.0,,2.0,0.0,-1.862645149231e-09,,138336.0
I02,2024-01-01 14:36:00,-9.910343214869e-05,2.6602720026859996e-11,0.0,219.0,-77.9375,4.174459597284e-09,-1.026501199038,-2.428889274597e-06,0.0016846223734320002,-2.495944499969e-06,6493.369188309,138960.0,4.842877388e-08,2.733482094193,9.313225746155001e-08,0.504232296922,157.0625,3.102707582991,-3.825873648708e-09,-3.417999516257e-10,0.0,2295.0,,2.0,0.0,-1.862645149231e-09,,139248.0
I02,2024-01-01 14:50:24,-9.907782077789e-05,2.84217094304e-11,0.0,220.00000000000003,-71.9375,4.180174121031001e-09,-0.9638390561083,-2.235174179077e-06,0.0016841910546650002,-2.6263296604159997e-06,6493.3674545290005,139824.0,3.725290298462e-08,2.733478546616,8.940696716309e-08,0.5042320540776001,161.5,3.103053798646,-3.820159124961e-09,-3.3858553201790003e-10,0.0,2295.0,,2.0,0.0,-1.862645149231e-09,,140112.0
I02,2024-01-01 15:05:36,-9.905407205224e-05,2.6716406864579996e-11,0.0,221.0,-64.5,4.188745906652e-09,-0.8975965499163,-2.000480890274e-06,0.001683846116066,-2.7418136596679997e-06,6493.366287231,140736.0,2.9802322387700004e-08,2.733474961004,8.195638656615999e-08,0.5042317702715,165.625,3.103320115568,-3.815873232151e-09,-3.3608542787850004e-10,0.0,2295.0,,2.0,0.0,-1.862645149231e-09,,141024.0
I02,2024-01-01 15:20:48,-9.906617924571001e-05,2.4783730623309997e-11,0.0,222.00000000000003,-56.125,4.198746323209e-09,-0.8321176035754001,-1.7434358596799998e-06,0.001682467875071,-2.8274953365329998e-06,6493.358886719,141648.0,2.9802322387700004e-08,2.733473186484,7.82310962677e-08,0.5042320335967,168.875,3.104348507479,-3.811587339341e-09,-3.350139546759e-10,0.0,2295.0,,2.0,0.0,-1.862645149231e-09,,141936.0
I02,2024-01-01 15:36:00,-9.903963655233e-05,2.739852789091e-11,0.0,223.0,-47.0,4.213032632577e-09,-0.7657058611683001,-1.471489667892e-06,0.001682149944827,-2.875924110413e-06,6493.358510971,142560.0,2.9802322387700004e-08,2.733469641834,7.450580596924e-08,0.5042317483277,170.875,3.104445634999,-3.811587339341e-09,-3.353711124101e-10,0.0,2295.0,,2.0,0.0,-1.862645149231e-09,,142848.0
I02,2024-01-01 15:50:24,-9.901542216539e-05,2.78532752418e-11,0.0,224.00000000000003,-38.25,4.227318941945e-09,-0.7029977226312001,-1.214444637299e-06,0.001681532943621,-2.88337469101e-06,6493.356588363999,143424.0,3.3527612686160006e-08,2.733466340028,7.450580596924e-08,0.5042314601328001,171.4375,3.104746013042,-3.811587339341e-09,-3.3608542787850004e-10,0.0,2295.0,,2.0,0.0,-1.862645149231e-09,,143760.0
I02,2024-01-01 16:05:36,-9.898887947202001e-05,2.84217094304e-11,0.0,225.0,-29.375,4.2458911441230005e-09,-0.6367658620941001,-9.573996067047e-07,0.0016808761283760001,-2.8572976589199997e-06,6493.354663849,144336.0,4.0978193283079996e-08,2.733462875838,7.82310962677e-08,0.5042311456053999,170.75,3.105023196519,-3.814444601214e-09,-3.3787121654950003e-10,0.0,2295.0,,2.0,0.0,-1.862645149231e-09,,144672.0
I02,2024-01-01 16:20:48,-9.896466508508001e-05,2.7625901566349997e-11,0.0,225.99999999999997,-21.25,4.265891977238e-09,-0.5705449851459,-7.264316082000999e-07,0.001680069486611,-2.7939677238459997e-06,6493.352266312,145248.0,4.4703483581540004e-08,2.733459397019,8.568167686462001e-08,0.5042308354668,168.875,3.105311426491,-3.820159124961e-09,-3.403713206889e-10,0.0,2295.0,,2.0,0.0,-1.862645149231e-09,,145536.0
I02,2024-01-01 16:36:00,-9.893951937556001e-05,2.728484105319e-11,0.0,227.0,-14.4375,4.285892810353001e-09,-0.5041512088357,-5.364418029785e-07,0.001679621287622,-2.71201133728e-06,6493.351236343,146160.0,4.842877388e-08,2.733455981105,9.685754776001e-08,0.5042304858294,166.125,3.105426773193,-3.828730910582e-09,-3.4322858256240003e-10,0.0,2295.0,,2.0,0.0,-1.862645149231e-09,,146448.0
I02,2024-01-01 16:50:24,-9.891577064991001e-05,2.296474121977e-11,0.0,227.99999999999997,-9.375,4.305893643468e-09,-0.44139977084930004,-3.986060619354e-07,0.001679054810666,-2.630054950714e-06,6493.34945488,147024.0,4.842877388e-08,2.733452707094,1.117587089539e-07,0.5042301595987001,163.1875,3.105684428177,-3.83873132714e-09,-3.46085844436e-10,0.0,2295.0,,2.0,0.0,-1.862645149231e-09,,147360.0
I02,2024-01-01 17:05:36,-9.888783097267e-05,2.921751729446e-11,0.0,229.0,-5.8125,4.32732310752e-09,-0.37479411865090007,-3.0174851417539995e-07,0.001678734319285,-2.5480985641479996e-06,6493.349088669001,147936.0,4.4703483581540004e-08,2.733449272163,1.303851604462e-07,0.5042297953320001,160.1875,3.105587599092,-3.8530176365070006e-09,-3.489431063096e-10,0.0,2295.0,,2.0,0.0,-1.862645149231e-09,,148272.0
I02,2024-01-01 17:20:48,-9.882217273116e-05,2.728484105319e-11,0.0,229.99999999999997,-4.375,4.3358948931400004e-09,-0.3079440947647,-3.2410025596619997e-07,0.001680450281128,-2.585351467133e-06,6493.355928421,148848.0,4.4703483581540004e-08,2.733444362609,2.0861625671389998e-07,0.5042287186243,160.375,3.105248314742,-3.893019302737e-09,-3.47871633107e-10,0.0,2295.0,,2.0,0.0,-1.862645149231e-09,,149184.0
I02,2024-01-01 17:36:00,-9.879935532808e-05,2.580691216281e-11,0.0,231.0,-4.4375,4.3587529881290005e-09,-0.24145959997870003,-3.352761268616e-07,0.001680557266809,-2.585351467133e-06,6493.356241226001,149760.0,2.607703208923e-08,2.733440800404,2.3096799850459997e-07,0.5042283880049,160.0,3.105273213608,-3.915877397726e-09,-3.507288949806e-10,0.0,2295.0,,2.0,0.0,-1.862645149231e-09,,150048.0
I02,2024-01-01 17:50:24,-9.877607226372001e-05,2.6716406864579996e-11,0.0,231.99999999999997,-5.3125,4.377325190307e-09,-0.1784979143317,-3.650784492493e-07,0.001680497196503,-2.637505531311e-06,6493.355869292999,150624.0,3.725290298462e-09,2.733437520542,2.458691596985e-07,0.504227886224,161.25,3.105320334199,-3.937306861778e-09,-3.528718413857e-10,0.0,2295.0,,2.0,0.0,-1.862645149231e-09,,150960.0
I02,2024-01-01 18:05:36,-9.874813258648001e-05,2.8990143619009997e-11,0.0,233.0,-6.5,4.391611499675001e-09,-0.11196568160289999,-4.0605664253229993e-07,0.001680971588939,-2.7418136596679997e-06,6493.357172012,151536.0,-1.4901161193850002e-08,2.733433975891,2.5704503059389997e-07,0.5042274341823,164.375,3.105297381015,-3.958736325829e-09,-3.543004723225e-10,0.0,2295.0,,2.0,0.0,-1.862645149231e-09,,151872.0
I02,2024-01-01 18:20:48,-9.872205555439002e-05,2.8194335754959997e-11,0.0,234.0,-7.5,4.4001832852960004e-09,-0.04532188674136,-4.3585896491999995e-07,0.001681403256953,-2.894550561905e-06,6493.358247757001,152448.0,-4.0978193283079996e-08,2.733430391742,2.607703208923e-07,0.5042269777518,169.25,3.105162404878,-3.977308528008e-09,-3.550147877909e-10,0.0,2295.0,,2.0,0.0,-1.862645149231e-09,,152784.0
I02,2024-01-01 18:36:00,-9.869690984488001e-05,2.7739588404069998e-11,0.0,235.0,-7.6875,4.407326439980001e-09,0.02096020747677,-4.43309545517e-07,0.001681806170382,-3.084540367126e-06,6493.358980179,153360.0,-5.960464477539e-08,2.733426765168,2.644956111908e-07,0.5042265461909999,175.4375,3.105390271924,-3.9944520992490005e-09,-3.553719455251e-10,0.0,2295.0,,2.0,0.0,-1.862645149231e-09,,153648.0
I02,2024-01-01 18:50:24,-9.867083281279e-05,2.8990143619009997e-11,0.0,236.0,-6.8125,4.410183701853e-09,0.08390960607476,-4.1723251342769996e-07,0.001682328642346,-3.2894313335419997e-06,6493.3601989750005,154224.0,-7.82310962677e-08,2.733423300978,2.607703208923e-07,0.504226117556,182.125,3.105449713211,-4.010167039554e-09,-3.550147877909e-10,0.0,2295.0,,2.0,0.0,-1.862645149231e-09,,154560.0
I02,2024-01-01 19:05:36,-9.864661842585002e-05,2.6716406864579996e-11,0.0,237.0,-4.6875,4.414469594664001e-09,0.1502924734048,-3.5762786865229997e-07,0.00168314401526,-3.5166740417479994e-06,6493.362321854,155136.0,-1.0058283805849999e-07,2.733419611499,2.533197402954e-07,0.5042256669772,189.5625,3.105576224904,-4.028739241732e-09,-3.543004723225e-10,0.0,2295.0,,2.0,0.0,-1.862645149231e-09,,155472.0
I02,2024-01-01 19:20:48,-9.861867874861001e-05,2.9672264645339994e-11,0.0,238.0,1.0625,4.440184951526e-09,0.2168498975829,-1.229345798492e-07,0.001682547968812,-3.6172568798069997e-06,6493.359916687,156048.0,-1.676380634308e-07,2.73341600248,1.7508864402769998e-07,0.504225296859,194.6875,3.105527732095,-4.044454182036e-09,-3.560862609935e-10,0.0,2295.0,,2.0,0.0,-1.862645149231e-09,,156384.0
I02,2024-01-01 19:36:00,-9.859493002295001e-05,2.717115421547e-11,0.0,239.0,6.0625,4.44732810621e-09,0.28316447443410003,1.862645149231e-08,0.001683431095444,-3.844499588012999e-06,6493.362258911,156960.0,-1.9371509551999997e-07,2.733412225225,1.527369022369e-07,0.5042248331139,202.1875,3.105722567914,-4.068740907962e-09,-3.532289991199e-10,0.0,2295.0,,2.0,0.0,-1.862645149231e-09,,157248.0
I02,2024-01-01 19:50:24,-9.857071563601e-05,2.7625901566349997e-11,0.0,240.0,11.5625,4.45589989183e-09,0.34595173635840004,1.788139343262e-07,0.001684219110757,-4.027038812637e-06,6493.364435196,157824.0,-2.123415470123e-07,2.733408619132,1.303851604462e-07,0.5042244308115,208.25,3.105944202929,-4.09159900295e-09,-3.500145795122e-10,0.0,2295.0,,2.0,0.0,-1.862645149231e-09,,158160.0
I02,2024-01-01 20:05:36,-9.854417294264001e-05,2.8535396268130002e-11,0.0,241.0,17.625,4.464471677451e-09,0.4122910613947,3.539025783539e-07,0.001684830407612,-4.176050424576e-06,6493.366064072,158736.0,-2.2724270820619997e-07,2.733404755565,1.0430812835689999e-07,0.504223974381,213.0,3.106114084291,-4.115885728876e-09,-3.46085844436e-10,0.0,2295.0,,2.0,0.0,-1.862645149231e-09,,159072.0
I02,2024-01-01 20:20:48,-9.851902723312e-05,2.7625901566349997e-11,0.0,242.0,23.125,4.4744720940090005e-09,0.4785905716526,5.215406417847e-07,0.0016853900160640001,-4.280358552933e-06,6493.367717743,159648.0,-2.384185791016e-07,2.733400870055,7.450580596924e-08,0.5042235472089,216.125,3.106323821393,-4.137315192927e-09,-3.410856361573e-10,0.0,2295.0,,2.0,0.0,-1.862645149231e-09,,159984.0
I02,2024-01-01 20:36:00,-9.849388152361e-05,2.8194335754959997e-11,0.0,243.00000000000003,27.5625,4.485901141503e-09,0.5449529288712001,6.593763828278e-07,0.001685645314865,-4.33623790741e-06,6493.36847496,160560.0,-2.384185791016e-07,2.733396953823,4.842877388e-08,0.5042231463694,217.6875,3.106470720312,-4.158744656979e-09,-3.3608542787850004e-10,0.0,2295.0,,2.0,0.0,-1.862645149231e-09,,160896.0
I02,2024-01-01 20:50:24,-9.847059845924002e-05,2.694378054002e-11,0.0,244.0,30.375,4.498758819934001e-09,0.6078539765637001,7.487833499907999e-07,0.0016859155148270001,-4.3548643589019996e-06,6493.369356155,161424.0,-2.384185791016e-07,2.733393205827,1.862645149231e-08,0.5042227572332,218.0625,3.106578293067,-4.177316859157e-09,-3.303709041314e-10,0.0,2295.0,,2.0,0.0,-1.862645149231e-09,,161808.0
I02,2024-01-01 21:05:36,-9.844871237874001e-05,2.5124791136479996e-11,0.0,245.00000000000003,31.4375,4.514473760239001e-09,0.6743582280584001,7.934868335724e-07,0.001685768598691,-4.351139068603999e-06,6493.3688774110005,162336.0,-2.2724270820619997e-07,2.733389279355,-3.725290298462e-09,0.5042224178362,217.8125,3.106583293321,-4.1944604303990006e-09,-3.2429922265e-10,0.0,2295.0,,2.0,0.0,-1.862645149231e-09,,162672.0
I02,2024-01-01 21:20:48,-9.841937571764e-05,2.705746737774e-11,0.0,246.0,30.5,4.530188700543001e-09,0.7406811859673,7.748603820800999e-07,0.001686089322902,-4.343688488007e-06,6493.3705043790005,163248.0,-2.160668373108e-07,2.733385184647,-2.2351741790770002e-08,0.5042218985003001,217.4375,3.106769664695,-4.2101753707030004e-09,-3.175132257003e-10,0.0,2295.0,,2.0,0.0,-1.862645149231e-09,,163584.0
I02,2024-01-01 21:36:00,-9.839562699199e-05,2.603428583825e-11,0.0,247.00000000000003,27.875,4.547332271785e-09,0.8076175615189,7.040798664093e-07,0.001685414346866,-4.343688488007e-06,6493.367523193,164160.0,-1.974403858185e-07,2.733381003627,-3.725290298462e-08,0.504221439144,217.49999999999997,3.106342501394,-4.224461680071001e-09,-3.110843864848e-10,0.0,2295.0,,2.0,0.0,-1.862645149231e-09,,164496.0
I02,2024-01-01 21:50:24,-9.837048128247001e-05,2.8535396268130002e-11,0.0,248.0,24.0625,4.563047212089e-09,0.8708172010318,5.960464477539e-07,0.001685255323537,-4.362314939499e-06,6493.366687774999,165024.0,-1.825392246246e-07,2.733377387294,-4.842877388e-08,0.5042212123917,218.375,3.10615126728,-4.234462096629e-09,-3.053698627377e-10,0.0,2295.0,,2.0,0.0,-1.862645149231e-09,,165360.0
I02,2024-01-01 22:05:36,-9.834440425038002e-05,2.864908310585e-11,0.0,249.00000000000003,19.125,4.578762152394e-09,0.9373984751634,4.470348358154e-07,0.001685286872089,-4.414469003677e-06,6493.366855621,165936.0,-1.639127731323e-07,2.733373397916,-5.587935447693e-08,0.5042208905497,220.3125,3.106079063495,-4.243033882249e-09,-2.996553389905e-10,0.0,2295.0,,2.0,0.0,-1.862645149231e-09,,166332.0
I02,2024-01-01 22:20:48,-9.8317861557e-05,2.91038304567e-11,0.0,250.0,13.6875,4.5944770927e-09,1.00431391782,2.7939677238499994e-07,0.00168488780037,-4.50387597084e-06,6493.36475182,166848.0,-1.49011611938e-07,2.73336942317,-5.58793544769e-08,0.504220590651,223.5,3.10567279213,-4.248748406e-09,-2.94655130712e-10,0.0,2295.0,,2.0,0.0,-1.8626451492300002e-09,,167196.0
I02,2024-01-01 22:36:00,-9.829225018620002e-05,2.8308022592699998e-11,0.0,250.99999999999997,8.3125,4.60733477113e-09,1.07105515619,1.04308128357e-07,0.00168476719409,-4.63053584099e-06,6493.36396217,167760.0,-1.37835741043e-07,2.73336550108,-5.2154064178499997e-08,0.504220309771,227.81250000000003,3.10544066799,-4.253034298810001e-09,-2.90726395636e-10,0.0,2295.0,,2.0,0.0,-1.8626451492300002e-09,,168108.0
I02,2024-01-01 22:50:24,-9.8267570138e-05,2.8990143618999997e-11,0.0,252.0,3.6875,4.61733518769e-09,1.13457667426,-5.2154064178499997e-08,0.00168438744731,-4.77954745293e-06,6493.361410140001,168624.0,-1.30385160446e-07,2.73336175163,-4.842877388e-08,0.50422004352,232.75,3.10492795031,-4.25446292974e-09,-2.87869133762e-10,0.0,2295.0,,2.0,0.0,-1.8626451492300002e-09,,169020.0
I02,2024-01-01 23:05:36,-9.824475273490001e-05,2.580691216281e-11,0.0,252.99999999999997,-0.5,4.6259069733080005e-09,1.201283288282,-2.011656761169e-07,0.001684380345978,-4.962086677551e-06,6493.3609371190005,169536.0,-1.266598701477e-07,2.733357869041,-4.4703483581540004e-08,0.5042197728803001,238.49999999999997,3.104730478315,-4.255891560681001e-09,-2.860833450911e-10,0.0,2295.0,,2.0,0.0,-1.862645149231e-09,,169932.0
I02,2024-01-01 23:20:48,-9.821029379960002e-05,2.694378054e-11,0.0,254.0,-3.875,4.63305012799e-09,1.26815952766,-3.2782554626499996e-07,0.0016842366894700002,-5.15580177307e-06,6493.3594875300005,170448.0,-1.26659870148e-07,2.73335382554,-4.09781932831e-08,0.50421982262,244.375,3.10436353165,-4.25446292974e-09,-2.8572618735700004e-10,0.0,2295.0,,2.0,0.0,-1.8626451492300002e-09,,170796.0
I02,2024-01-01 23:36:00,-9.81856137514e-05,2.72848410532e-11,0.0,254.99999999999997,-6.375,4.6387646517400005e-09,1.33501068677,-4.24683094025e-07,0.00168413971551,-5.36069273949e-06,6493.358081820001,171360.0,-1.30385160446e-07,2.73335010972,-3.72529029846e-08,0.5042195856270001,250.375,3.10402156577,-4.25446292974e-09,-2.8572618735700004e-10,0.0,2295.0,,2.0,0.0,-1.8626451492300002e-09,,171708.0
I02,2024-01-01 23:50:24,-9.81627963483e-05,2.50111042988e-11,0.0,160.0,-7.9375,4.64162191361e-09,1.39839770415,-4.88013029099e-07,0.0016838879091700001,-5.550682544709999e-06,6493.35635948,172224.0,-1.30385160446e-07,2.73334632954,-4.09781932831e-08,0.504219354486,255.68749999999997,3.10364389152,-4.253034298810001e-09,-2.8644050282500005e-10,0.0,2295.0,,2.0,0.0,-1.8626451492300002e-09,,172620.0
I03,2024-01-01 00:00:00,-9.608361870050001e-05,3.865352482535e-11,0.0,0.0,-596.5,5.10021244432e-10,1.207825412582,-1.93752348423e-05,0.001743204891682,6.150454282761e-06,6493.450592041,86400.0,-1.303851604462e-07,0.1719562596284,-8.940696716309e-08,0.07435635017759,-188.875,0.08727908530709,4.4287559040310003e-10,4.996636701403001e-10,0.0,2295.0,,2.0,0.0,-1.396983861923e-09,,86400.0
I03,2024-01-01 02:00:00,-9.580468758941002e-05,3.865352482535e-11,0.0,1.0,-594.4375,6.343121359322e-10,1.730891773287,-1.926720142365e-05,0.0017436015186830002,7.2307884693149996e-06,6493.45889473,93600.0,-2.607703208923e-08,0.1719609629101,-1.7508864402769998e-07,0.07435988458767001,-225.6875,0.08923230915813,2.528676758108e-10,4.603763193788e-10,0.0,2295.0,,2.0,0.0,-1.396983861923e-09,,93600.0
I03,2024-01-01 04:00:00,-9.552389383316e-05,3.876721166307e-11,0.0,2.0,-528.4375,2.3129534866540002e-09,2.259658201183,-1.704692840576e-05,0.00174646184314,5.979090929030999e-06,6493.441770554,100800.0,3.0174851417539995e-07,0.1719806172144,1.0430812835689999e-07,0.07436216088820001,-184.4375,0.08547208158099,-1.3329126640200001e-09,3.353711124101e-10,0.0,2295.0,,2.0,0.0,-1.396983861923e-09,,100800.0
I03,2024-01-01 06:00:00,-9.524635970592e-05,3.865352482535e-11,0.0,3.0,-444.625,2.214377952016e-09,2.787732314801,-1.466274261475e-05,0.001752755604684,6.85453414917e-06,6493.421892166,108000.0,1.117587089539e-07,0.1719726165155,4.842877388e-08,0.07436512622314,-213.875,0.08243791926452,-1.0700445716510002e-09,3.771585673111e-10,0.0,2295.0,,2.0,0.0,-1.396983861923e-09,,108000.0
I03,2024-01-01 08:00:00,-9.49683599174e-05,3.865352482535e-11,0.0,4.0,-429.375,3.40299889142e-09,-2.970337986065,-1.423060894012e-05,0.001745837391354,4.608184099197e-06,6493.438663483001,115199.99999999999,-8.940696716309e-08,0.17195648491780002,-3.725290298462e-08,0.07436665058378,-141.9375,0.08237154374543,-2.372955985999e-09,3.903734034763e-10,0.0,2295.0,,2.0,0.0,-1.396983861923e-09,,115199.99999999999
I03,2024-01-01 10:00:00,-9.469082579017001e-05,3.842615114991e-11,0.0,5.0,-353.375,3.312995142403e-09,-2.443174237591,-1.1835247278210001e-05,0.001739007188007,3.4570693969729997e-06,6493.45740509,122400.0,7.078051567078001e-08,0.1719423721471,-6.332993507385e-08,0.07436951936614,-107.87500000000001,0.08024897249753,-2.398671342861e-09,4.1573160260420007e-10,0.0,2295.0,,2.0,0.0,-1.396983861923e-09,,122400.0
I03,2024-01-01 12:00:00,-9.44137573242e-05,3.8539837987599994e-11,0.0,6.0,-377.1875,2.92583615853e-09,-1.91984829085,-1.2475997209500002e-05,0.00174046319444,2.70083546638e-06,6493.4493637099995,129600.0,-5.2154064178499997e-08,0.17193504439,-4.47034835815e-08,0.07437258710530001,-81.625,0.08195454626149999,-1.94008081215e-09,3.59657838335e-10,0.0,2295.0,,2.0,0.0,-1.39698386192e-09,,129612.0
I03,2024-01-01 14:00:00,-9.413622319700001e-05,3.84261511499e-11,0.0,7.0,-371.8125,2.97440961038e-09,-1.39866508315,-1.23158097267e-05,0.0017407782143,3.01748514175e-07,6493.43313408,136800.0,-7.45058059692e-08,0.171912187758,7.82310962677e-08,0.0743753871306,-9.0625,0.0858221871357,-1.90007914592e-09,4.2716065009900003e-10,0.0,2295.0,,2.0,0.0,-1.39698386192e-09,,136812.0
I03,2024-01-01 16:00:00,-9.38586890697e-05,3.84261511499e-11,0.0,8.0,-350.8125,3.71872632845e-09,-0.8750728897040001,-1.1809170246100002e-05,0.00173987809103,-2.4586915969799997e-07,6493.42658615,144000.0,7.07805156708e-08,0.17190751227200002,1.52736902237e-07,0.0743779121272,9.9375,0.08726674120429999,-2.58153610277e-09,3.61443627006e-10,0.0,2295.0,,2.0,0.0,-1.39698386192e-09,,144012.0
I03,2024-01-01 18:00:00,-9.358022361994e-05,3.842615114991e-11,0.0,9.0,-449.37500000000006,3.6944396025240004e-09,-0.34652876245100006,-1.481547951698e-05,0.001748426933773,-2.007931470871e-06,6493.452083588,151200.0,-2.011656761169e-07,0.1718892799242,1.0430812835689999e-07,0.07438062584018999,63.8125,0.08376967796047,-2.7286850892580002e-09,3.993023468312e-10,0.0,2295.0,,2.0,0.0,-1.396983861923e-09,,151200.0
I03,2024-01-01 20:00:00,-9.330222383142001e-05,3.842615114991e-11,0.0,10.0,-467.6875,2.515819079677e-09,0.17929165564570002,-1.530721783638e-05,0.001754791825078,-4.030764102935999e-06,6493.467796326,158400.0,-2.607703208923e-08,0.1718733311913,-6.332993507385e-08,0.07438447916641999,132.4375,0.08298701386223,-1.6643550413540002e-09,4.228747572882e-10,0.0,2295.0,,2.0,0.0,-1.396983861923e-09,,158400.0
I03,2024-01-01 22:00:00,-9.302282705903e-05,3.853983798763e-11,0.0,11.0,-564.5,2.9572660391440002e-09,0.7071536914926,-1.8123537302020004e-05,0.001746630645357,-3.0584633350369998e-06,6493.444618225,165600.0,1.303851604462e-07,0.1718582514317,-1.117587089539e-07,0.07438732746792,101.06250000000001,0.08016277882721999,-1.927223133722e-09,4.603763193788e-10,0.0,2295.0,,2.0,0.0,-1.396983861923e-09,,165600.0
I06,2024-01-01 00:00:00,0.0006148894317448,3.581135388231e-11,0.0,0.0,-444.0625,1.4643467102040002e-09,-3.021025669068,-1.422315835953e-05,0.002265331801027,1.2267380952840001e-05,6493.359382629001,86400.0,7.450580596924e-08,0.43546826562980007,8.940696716309e-08,0.05559637002911,-375.25,-3.11559052236,-4.600191616446e-10,5.607376426879e-10,0.0,2295.0,,2.0,0.0,-1.862645149231e-09,,86400.0
I06,2024-01-01 02:00:00,0.0006151483394206001,3.592504072003e-11,0.0,1.0,-488.43750000000006,2.6486817567980004e-09,-2.496874086474,-1.564249396324e-05,0.002270786673762,1.3723969459530002e-05,6493.3453865050005,93600.0,-8.940696716309e-08,0.43545547241120003,1.117587089539e-08,0.055599696704830004,-420.93749999999994,-3.114679152192,-1.557207721095e-09,5.668093241692e-10,0.0,2295.0,,2.0,0.0,-1.862645149231e-09,,93600.0
I06,2024-01-01 04:00:00,0.0006153993308544001,3.581135388231e-11,0.0,2.0,-418.49999999999994,2.8301178857700002e-09,-1.969140120327,-1.3731420040130002e-05,0.002266720752232,1.466646790504e-05,6493.362838745,100800.0,3.725290298462e-09,0.4354488790394,4.842877388e-08,0.05560333059333,-455.31249999999994,-3.117356559991,-1.902936407797e-09,6.078824636017e-10,0.0,2295.0,,2.0,0.0,-1.862645149231e-09,,100800.0
I06,2024-01-01 06:00:00,0.0006156577728689001,3.52429196937e-11,0.0,3.0,-413.375,2.3600983075680004e-09,-1.444488919024,-1.3552606105800002e-05,0.002266578259878,1.4245510101320001e-05,6493.3608036040005,108000.0,-1.788139343262e-07,0.435430974385,1.117587089539e-08,0.05560760523996,-444.5625,-3.116942884794,-1.422916413037e-09,5.750239520557e-10,0.0,2295.0,,2.0,0.0,-1.862645149231e-09,,108000.0
I06,2024-01-01 08:00:00,0.0006159138865769,3.581135388231e-11,0.0,4.0,-337.6875,1.030042905422e-09,-0.9235780218175,-1.1023133993150001e-05,0.002263042028062,1.1827796697620003e-05,6493.336511612,115199.99999999999,-3.6135315895079995e-07,0.43542187210870004,-3.799796104431e-07,0.05561167654098,-366.25,-3.112793885274,4.428755904031e-11,6.050252017282001e-10,0.0,2295.0,,2.0,0.0,-1.862645149231e-09,,115199.99999999999
I06,2024-01-01 10:00:00,0.0006161658093333,3.52429196937e-11,0.0,5.0,-276.375,4.784485007291e-09,-0.40033387706720003,-9.253621101379e-06,0.002259047003463,1.1872500181200002e-05,6493.322551727,122400.0,3.725290298462e-08,0.43542671436760005,9.313225746155001e-08,0.05561348031897,-366.9375,-3.110985004624,-3.6001499606970006e-09,4.232319150224e-10,0.0,2295.0,,2.0,0.0,-1.862645149231e-09,,122400.0
I06,2024-01-01 12:00:00,0.0006164275109768001,3.52429196937e-11,0.0,6.0,-284.5,3.248706750248e-09,0.1250302817502,-9.495764970778999e-06,0.002267853124067,9.085983037948998e-06,6493.344181061,129600.0,1.862645149231e-07,0.4354062144965,8.195638656615999e-08,0.05561747847408,-274.5,-3.111272873255,-2.214377952016e-09,4.246605459591e-10,0.0,2295.0,,2.0,0.0,-1.862645149231e-09,,129600.0
I06,2024-01-01 14:00:00,0.0006166882812977,3.558398020687e-11,0.0,7.0,-250.1875,4.195889061336e-09,0.6493965563503,-8.385628461837999e-06,0.002271946286783,7.975846529006999e-06,6493.3548164369995,136800.0,4.842877388e-08,0.4353822358063,1.4901161193850002e-08,0.055619971286489996,-241.0625,-3.110564839923,-3.225848655259e-09,4.3216085837730003e-10,0.0,2295.0,,2.0,0.0,-1.862645149231e-09,,136800.0
I06,2024-01-01 16:00:00,0.0006169471889734,3.581135388231e-11,0.0,8.0,-304.9375,4.575904890520001e-09,1.176848619646,-1.006200909615e-05,0.002268879907206,6.861984729767e-06,6493.339788437,144000.0,1.862645149231e-07,0.4353511531858001,1.564621925354e-07,0.055622923455170004,-202.9375,-3.112935886343,-3.4987171641850002e-09,4.93591988659e-10,0.0,2295.0,,2.0,0.0,-1.862645149231e-09,,144000.0
I06,2024-01-01 18:00:00,0.0006172079592943,3.581135388231e-11,0.0,9.0,-312.0,4.227318941945e-09,1.704509138527,-1.0352581739430001e-05,0.002268393873237,4.731118679047e-06,6493.3256320949995,151200.0,2.607703208923e-08,0.4353472047699001,-2.2351741790770002e-08,0.05562606872904,-139.5625,-3.115537444766,-3.080128299707e-09,3.828730910582e-10,0.0,2295.0,,2.0,0.0,-1.862645149231e-09,,151200.0
I06,2024-01-01 20:00:00,0.0006174687296152001,3.6038727557749994e-11,0.0,10.0,-325.6875,2.1872339642170002e-09,2.229128587193,-1.0918825864790002e-05,0.00226778734941,4.9136579036709995e-06,6493.328393936,158400.0,-3.725290298462e-07,0.43529686722180005,-2.0861625671389998e-07,0.05562982111391,-145.3125,-3.115049595233,-1.038614691042e-09,5.321650239522e-10,0.0,2295.0,,2.0,0.0,-1.862645149231e-09,,158400.0
I06,2024-01-01 22:00:00,0.0006177304312587,3.6152414395469994e-11,0.0,11.0,-446.3125,1.9443667049630003e-09,2.750958186713,-1.450255513191e-05,0.002258757827803,3.8333237171169996e-06,6493.356464386,165600.0,1.564621925354e-07,0.4352909760507,-2.123415470123e-07,0.05563306294038,-112.5,-3.111821474849,-1.0028989176230002e-09,4.460900100109e-10,0.0,2295.0,,2.0,0.0,-1.862645149231e-09,,165600.0
I09,2024-01-01 00:00:00,0.0006982535123825001,-2.160049916711e-11,0.0,0.0,-655.0625,3.2587071668050002e-09,-1.991054244018,-2.109259366989e-05,0.002209796803072,-8.877366781235e-06,6493.2819824220005,86400.0,-9.313225746155001e-08,-0.1881534589239,1.303851604462e-07,0.5017599902376001,358.75,-3.124127715819,-3.0558415737820003e-09,7.536028191537e-11,0.0,2295.0,,2.0,0.0,-1.862645149231e-09,,86400.0
I09,2024-01-01 02:00:00,0.0006981012411416,-2.1373125491659998e-11,0.0,1.0,-647.125,3.161560263104e-09,-1.463649160874,-2.087280154228e-05,0.002209351281635,-7.219612598419e-06,6493.294469832999,93600.0,-1.1548399925229999e-07,-0.1881747195124,4.4703483581540004e-08,0.5017604261872001,303.875,-3.126451824513,-3.0486984190980005e-09,3.714440435639e-11,0.0,2295.0,,2.0,0.0,-1.862645149231e-09,,93600.0
I09,2024-01-01 04:00:00,0.0006979480385779999,-2.1373125491659998e-11,0.0,2.0,-662.75,3.098700501885e-09,-0.9373165853981,-2.1301209926610002e-05,0.0022100723581390002,-6.441026926041e-06,6493.301435471,100800.0,-1.192092895508e-07,-0.188196691079,2.2351741790770002e-08,0.5017607085304,277.3125,-3.127706469872,-3.0429838953510003e-09,3.571577341961e-11,0.0,2295.0,,2.0,0.0,-1.862645149231e-09,,100800.0
I09,2024-01-01 06:00:00,0.0006977920420468,-2.160049916711e-11,0.0,3.0,-557.875,3.210133714954e-09,-0.4151305692945,-1.811608672142e-05,0.002202345756814,-5.628913640976e-06,6493.277116776,108000.0,-9.313225746155001e-08,-0.18821905031890002,-6.705522537231e-08,0.5017612805314,254.0625,-3.124811006818,-2.977266872259e-09,5.107355599004e-11,0.0,2295.0,,2.0,0.0,-1.862645149231e-09,,108000.0
I09,2024-01-01 08:00:00,0.000697634648532,-2.1714186004799998e-11,0.0,4.0,-525.125,3.33442460645e-09,0.10920062599300001,-1.7192214727400002e-05,0.0021956907585300002,-3.6284327506999997e-06,6493.26047325,115199.99999999999,-8.94069671631e-08,-0.188240518642,-8.19563865662e-08,0.5017616096880001,187.875,-3.12405488005,-2.9786955032e-09,5.25021869268e-11,0.0,2295.0,,2.0,0.0,-1.8626451492300002e-09,,115212.0
I09,2024-01-01 10:00:00,0.0006974809803070001,-2.1827872842599996e-11,0.0,5.0,-452.3125,3.12155859687e-09,0.6325543915840001,-1.5091150999100002e-05,0.0022024478530499997,-4.8428773879999995e-06,6493.2793617199995,122400.0,-1.1175870895399999e-07,-0.188261328651,1.49011611938e-08,0.501762248983,227.81250000000003,-3.1223217259,-2.90440669448e-09,2.82154610015e-11,0.0,2295.0,,2.0,0.0,-1.8626451492300002e-09,,122412.00000000001
I09,2024-01-01 12:00:00,0.000697320327163,-2.1373125491699996e-11,0.0,6.0,-405.0625,3.17441794153e-09,1.15580667455,-1.34371221066e-05,0.0022051226114900005,-4.149973392489999e-06,6493.2908535,129600.0,5.960464477540001e-08,-0.188285026461,-1.0058283805799999e-07,0.501762240206,204.3125,-3.12048959655,-3.03012621692e-09,9.500395729619999e-11,0.0,2295.0,,2.0,0.0,-1.8626451492300002e-09,,129612.0
I09,2024-01-01 14:00:00,0.0006971680559220001,-2.1145751816199996e-11,0.0,7.0,-406.50000000000006,3.2158482387000003e-09,1.68195354135,-1.34631991386e-05,0.00220498885028,-5.03286719322e-06,6493.28521538,136800.0,1.04308128357e-07,-0.18830766804500002,-7.450580596920001e-09,0.5017630448110001,229.6875,-3.12155480572,-3.04726978816e-09,1.38577200868e-10,0.0,2295.0,,2.0,0.0,-1.8626451492300002e-09,,136812.0
I09,2024-01-01 16:00:00,0.000697010196745,-2.14868123294e-11,0.0,8.0,-363.75,3.2972802021000003e-09,2.20967527165,-1.19172036648e-05,0.00220696337055,-6.71297311783e-06,6493.27045059,144000.0,1.19209289551e-07,-0.188329572317,3.35276126862e-08,0.501764042521,281.125,-3.1241919979,-3.06155609753e-09,1.38577200868e-10,0.0,2295.0,,2.0,0.0,-1.8626451492300002e-09,,144012.0
I09,2024-01-01 18:00:00,0.0006968546658750001,-2.1600499167099995e-11,0.0,9.0,-338.0,3.4001416295500003e-09,2.73557609611,-1.11646950245e-05,0.00220832182094,-6.88061118126e-06,6493.26510429,151200.0,1.19209289551e-07,-0.188350607616,1.30385160446e-07,0.501764674501,287.125,-3.12500613376,-3.13013038249e-09,1.2000499869000003e-10,0.0,2295.0,,2.0,0.0,-1.8626451492300002e-09,,151212.0
I09,2024-01-01 20:00:00,0.0006966977380220001,-2.1827872842599996e-11,0.0,10.0,-354.0,3.44442918859e-09,-3.02293034159,-1.1630356311800002e-05,0.0021998920710799997,-9.514391422269999e-06,6493.28563118,158400.0,-1.26659870148e-07,-0.18837361054,1.7881393432599998e-07,0.501764250255,376.0,-3.12459904023,-3.35728270144e-09,1.1321900174e-10,0.0,2295.0,,2.0,0.0,-1.8626451492300002e-09,,158412.0
I09,2024-01-01 22:00:00,0.0006965408101678001,-2.1714186004829996e-11,0.0,11.0,-355.375,3.4658586526390005e-09,-2.497938327192,-1.1581927537920002e-05,0.002199026406743,-9.994953870772999e-06,6493.28732872,165600.0,-1.788139343262e-07,-0.18839797397750002,1.7136335372919998e-07,0.5017649670849,390.0625,-3.124508232515,-3.3787121654950004e-09,1.1000458213240002e-10,0.0,2295.0,,2.0,0.0,-1.862645149231e-09,,165600.0
I10,2024-01-01 00:00:00,-0.000698099844158,9.174527804129999e-11,0.0,0.0,-535.4375,9.841838523510001e-09,-0.6154931972590001,-1.7222017049800003e-05,0.000867993221618,-3.57627868652e-06,6493.54452896,86400.0,-2.8312206268299996e-07,2.98318478551,3.7252902984600004e-09,0.0772481486212,107.9375,-0.0903536109963,-8.863226331810002e-09,-4.0144529323600004e-10,0.0,2295.0,,2.0,0.0,-3.25962901115e-09,,86412.0
I10,2024-01-01 02:00:00,-0.000697435345501,9.174527804129999e-11,0.0,1.0,-452.68750000000006,9.22324132788e-09,-0.09464532110040001,-1.4804303646100003e-05,0.0008594101527710001,-1.8849968910199997e-06,6493.52191353,93600.0,-1.49011611938e-07,2.98311817885,-1.2293457984899999e-07,0.07724578893430001,52.625,-0.08612781851790001,-8.068907530960002e-09,-3.87516141603e-10,0.0,2295.0,,2.0,0.0,-3.25962901115e-09,,93612.0
I10,2024-01-01 04:00:00,-0.00069676944986,9.185896487909999e-11,0.0,2.0,-424.1875,7.57174396496e-09,0.428438103081,-1.3988465070700001e-05,0.000863146036863,-2.92435288429e-06,6493.53196716,100800.0,6.70552253723e-08,2.98306323164,3.7252902984600004e-09,0.0772438622712,88.1875,-0.0841468987018,-6.480269929250001e-09,-4.12874340731e-10,0.0,2295.0,,2.0,0.0,-3.25962901115e-09,,100811.99999999999
I10,2024-01-01 06:00:00,-0.000696106348187,9.185896487909999e-11,0.0,3.0,-329.1875,7.35744932444e-09,0.946102649019,-1.09821557999e-05,0.0008693111594770001,-3.4309923648799996e-06,6493.553514480001,108000.0,-7.45058059692e-08,2.98301747157,7.450580596920001e-09,0.0772409071767,99.75,-0.0767604336773,-6.39740933492e-09,-4.4108980173200005e-10,0.0,2295.0,,2.0,0.0,-3.25962901115e-09,,108012.0
I10,2024-01-01 08:00:00,-0.0006954446434970001,9.185896487909999e-11,0.0,4.0,-322.1875,7.728893368e-09,1.47026588229,-1.0572373867e-05,0.000869572628289,-3.1329691410099997e-06,6493.55540848,115199.99999999999,3.35276126862e-08,2.98296399021,-1.86264514923e-08,0.077237739959,93.1875,-0.0758695458254,-6.751709807240001e-09,-4.00730977768e-10,0.0,2295.0,,2.0,0.0,-3.25962901115e-09,,115212.0
I10,2024-01-01 10:00:00,-0.000694782938808,9.185896487909999e-11,0.0,5.0,-311.0,7.91318675885e-09,2.00105684252,-1.0166317224500002e-05,0.000870482996106,-4.854053258899999e-06,6493.543165210001,122400.0,8.94069671631e-08,2.98291817308,-4.47034835815e-08,0.0772348009566,147.125,-0.08161264182549999,-6.8631430203100006e-09,-4.2323191502200005e-10,0.0,2295.0,,2.8,0.0,-3.25962901115e-09,,122412.00000000001
I10,2024-01-01 12:00:00,-0.00069412169978,9.174527804129999e-11,0.0,6.0,-255.75,8.15462538716e-09,2.53146750402,-8.60542058945e-06,0.0008739157347010001,-5.65126538277e-06,6493.529138569999,129600.0,1.08033418655e-07,2.98286960566,-3.7252902984600004e-09,0.0772317127366,175.5,-0.08696826495450001,-6.9845766499400005e-09,-4.278749655670001e-10,0.0,2295.0,,4.0,0.0,-3.25962901115e-09,,129612.0
I10,2024-01-01 14:00:00,-0.000693460460752,9.174527804129999e-11,0.0,7.0,-306.3125,8.68607609565e-09,3.0542800265,-1.02184712887e-05,0.0008670409442860001,-7.48783349991e-06,6493.546455379999,136800.0,9.31322574615e-08,2.98282083489,1.30385160446e-07,0.07722801009090001,232.5625,-0.08472573296109999,-7.624603309620001e-09,-4.54304637897e-10,0.0,2295.0,,5.7,0.0,-3.25962901115e-09,,136812.0
I10,2024-01-01 16:00:00,-0.000692800153047,9.163159120359999e-11,0.0,8.0,-283.125,9.77326423854e-09,-2.70154369448,-9.514391422269999e-06,0.0008568232879040001,-1.0821968317e-05,6493.57172394,144000.0,-1.0058283805799999e-07,2.98275982243,3.72529029846e-08,0.0772236710759,340.5625,-0.0870266558667,-8.88751305774e-09,-4.4001832853e-10,0.0,2295.0,,8.0,0.0,-3.25962901115e-09,,144012.0
I10,2024-01-01 18:00:00,-0.000692139845341,9.163159120359999e-11,0.0,9.0,-348.8125,9.600399895190001e-09,-2.18183580016,-1.12876296043e-05,0.0008608606876810001,-1.0784715414e-05,6493.556928630001,151200.0,-1.5646219253499998e-07,2.98269984718,7.82310962677e-08,0.0772207101297,338.25,-0.081677832381,-8.574642882579999e-09,-4.6466221218900005e-10,0.0,2295.0,,11.299999999999999,0.0,-3.25962901115e-09,,151212.0
I10,2024-01-01 20:00:00,-0.000691479537636,9.163159120359999e-11,0.0,10.0,-381.0,1.00475613784e-08,-1.66110096953,-1.2367963790900002e-05,0.000862174085341,-1.1701136827500002e-05,6493.54741859,158400.0,-2.60770320892e-08,2.9826294384,5.58793544769e-08,0.0772173805281,367.1875,-0.0773407279289,-8.97180228301e-09,-4.16803075807e-10,0.0,2295.0,,16.0,0.0,-3.25962901115e-09,,158412.0
I10,2024-01-01 22:00:00,-0.0006908201612530001,9.151790436589999e-11,0.0,11.0,-396.1875,9.967558045940002e-09,-1.12946439292,-1.2852251529700002e-05,0.000863345921971,-9.89064574242e-06,6493.5614032700005,165600.0,-1.49011611938e-08,2.98256350322,1.0058283805799999e-07,0.0772144532291,306.5,-0.08391024537,-8.99323174706e-09,-4.0323108190700004e-10,0.0,2295.0,,32.0,0.0,-3.25962901115e-09,,165612.0
