satelite_id,Datetime,a0,a1,a2,IODE,C_rs,Delta n,M0,C_uc,e,C_us,sqrt(A),T_oe,C_ic,OMEGA0,C_is,i0,C_rc,omega,OMEGA DOT,IDOT,Codes on L2 channel,GPS Week,L2P,SV accurracy,SV health,TGD,IODC,t_tm,Fit Interval
J02,2024-01-01 00:00:00,-8.79168510437e-07,-2.273736754432e-13,0.0,93.0,-159.84375,1.7454298470160001e-09,1.321495073368,-5.489215254784e-06,0.07529064372648,2.255663275719e-06,6493.214874268,86400.0,2.4922192096709998e-06,2.742186952693,-1.110136508942e-06,0.7130722323321,103.125,-1.57872636829,-1.478990177306e-09,-4.37161066656e-10,2.0,2295.0,1.0,2.8,1.0,1.862645149231e-09,861.0,82818.0,0.0
J02,2024-01-01 01:00:00,-8.805654942989999e-07,-2.27373675443e-13,0.0,97.0,-154.125,1.4904192248000002e-09,1.58402892845,-5.213543772699999e-06,0.07529063930270001,1.88127160072e-06,6493.2166690799995,90000.0,2.71201133728e-06,2.74218237376,1.16415321827e-06,0.713072883331,110.43750000000001,-1.57871684908,-1.12861844006e-09,-7.514598727490001e-10,2.0,2295.0,1.0,2.8,1.0,1.8626451492300002e-09,865.0,86405.99999999999,1.0
J02,2024-01-01 02:00:00,-8.81962478161e-07,-2.27373675443e-13,0.0,101.0,-149.8125,1.2982683638000002e-09,1.84657160055,-4.87826764584e-06,0.07529062137470001,1.7657876014699999e-06,6493.21662521,93600.0,1.1269003152799998e-06,2.74218001554,3.28198075294e-06,0.713072296701,108.90625,-1.57871784094,-8.357490980190001e-10,-1.1607626361400001e-09,2.0,2295.0,1.0,2.8,1.0,1.8626451492300002e-09,869.0,90006.0,1.0
J02,2024-01-01 03:00:00,-8.82893800735e-07,-2.27373675443e-13,0.0,105.0,-143.90625,1.4672039720800002e-09,2.10910681907,-4.52995300293e-06,0.0752901016967,1.49942934513e-06,6493.21849442,97200.0,-1.63726508617e-06,2.74217563702,3.24100255966e-06,0.7130677075260001,111.625,-1.57870923752,-1.022542593e-09,-1.5154202661900002e-09,2.0,2295.0,1.0,2.8,1.0,1.8626451492300002e-09,873.0,93606.0,1.0
J02,2024-01-01 04:00:00,-8.82893800735e-07,-2.27373675443e-13,0.0,109.00000000000001,-124.15624999999999,2.10865926269e-09,2.37162816036,-3.85008752346e-06,0.075288068736,1.1138617992399999e-06,6493.22517776,100800.0,-2.41212546825e-06,2.74216215769,7.93486833572e-07,0.7130592957480001,116.03125000000001,-1.57867967926,-1.85114853634e-09,-1.4300595677200002e-09,2.0,2295.0,1.0,2.8,1.0,1.8626451492300002e-09,877.0,97205.99999999999,1.0
J02,2024-01-01 05:00:00,-8.83359462023e-07,-2.27373675443e-13,0.0,112.99999999999999,-95.375,2.6736827981900005e-09,2.63414977375,-2.95042991638e-06,0.0752848606789,1.2721866369199998e-06,6493.23408318,104400.0,-7.93486833572e-07,2.74214302712,-6.46337866783e-07,0.713052362979,104.125,-1.57864729464,-2.6172518761900002e-09,-9.8396955771e-10,2.0,2295.0,1.0,2.8,1.0,1.8626451492300002e-09,881.0,100806.0,1.0
J02,2024-01-01 06:00:00,-8.833594620228e-07,-2.273736754432e-13,0.0,117.0,-76.8125,2.876191233481e-09,2.896683075849,-2.4065375328059996e-06,0.07528203225229001,1.8645077943799997e-06,6493.240919113,108000.0,4.880130290984999e-07,2.742125498431,-2.73808836937e-07,0.7130486398522,80.25,-1.578629433875,-2.9344079441550005e-09,-5.678807973718e-10,2.0,2295.0,1.0,2.8,1.0,1.862645149231e-09,885.0,104400.0,0.0
J02,2024-01-01 07:00:00,-8.842907845974e-07,-2.273736754432e-13,0.0,121.0,-72.875,2.859404819974e-09,-3.123959443667,-2.3096799850459996e-06,0.07528077205643001,2.199783921242e-06,6493.243650435999,111600.00000000001,6.034970283507999e-07,2.742113264047,-5.587935447693e-09,0.7130467205037001,65.3125,-1.578626070627,-2.956908881409e-09,-4.657336853917e-10,2.0,2295.0,1.0,2.8,1.0,1.862645149231e-09,889.0,108000.0,0.0
J02,2024-01-01 08:00:00,-8.85222107172e-07,-2.273736754432e-13,0.0,125.0,-69.84375,2.803688213439e-09,-2.861416622356,-2.1960586309429998e-06,0.07528166926932,1.8514692783359999e-06,6493.241569519,115199.99999999999,2.5704503059389997e-07,2.742099108852,5.513429641723999e-07,0.7130455340772001,74.21875,-1.57862137466,-2.887263123241e-09,-2.4072431284820003e-10,2.0,2295.0,1.0,2.8,1.0,1.862645149231e-09,893.0,111600.00000000001,0.0
J02,2024-01-01 09:00:00,-8.870847523211999e-07,-2.273736754432e-13,0.0,129.0,-50.59375,2.5233193920950002e-09,-2.598885126957,-1.562759280205e-06,0.07528456451837,1.2312084436420001e-06,6493.234384537,118800.0,-1.266598701477e-06,2.742081062294,7.040798664093e-07,0.7130463708663001,96.6875,-1.578601458493,-2.4911751960180003e-09,1.975082270104e-10,2.0,2295.0,1.0,2.8,1.0,1.862645149231e-09,897.0000000000001,115199.99999999999,0.0
J02,2024-01-01 10:00:00,-8.880160748959e-07,-2.273736754432e-13,0.0,133.0,-17.71875,2.004012046574e-09,-2.336367224993,-5.289912223816e-07,0.07528795697726,1.0300427675249998e-06,6493.224918365,122400.0,-2.475455403328e-06,2.742063799861,-9.946525096893e-07,0.7130497268004001,109.87499999999999,-1.57856692046,-1.775788254423e-09,5.250218692682e-10,2.0,2295.0,1.0,2.8,1.0,1.862645149231e-09,901.0,118800.0,0.0
J02,2024-01-01 11:00:00,-8.894130587577999e-07,-2.273736754432e-13,0.0,137.0,12.71875,1.668640934164e-09,-2.073851493999,4.0978193283079996e-07,0.07529025501572,1.244246959686e-06,6493.217502594,126000.0,-1.1511147022249997e-06,2.742054109491,-2.747401595116e-06,0.7130524712347001,108.8125,-1.578534844518,-1.303625729816e-09,4.175173912752e-10,2.0,2295.0,1.0,2.8,1.0,1.862645149231e-09,905.0000000000001,122400.0,0.0
J02,2024-01-01 12:00:00,-8.903443813319999e-07,-2.27373675443e-13,0.0,141.0,27.21875,1.73042922218e-09,-1.81132115577,9.70438122749e-07,0.0752909481525,1.4435499906499998e-06,6493.21470833,129600.0,1.07474625111e-06,2.74205012597,-2.27242708206e-06,0.713051612502,105.125,-1.57852169435,-1.38112895814e-09,5.7859552939799994e-11,2.0,2295.0,1.0,2.8,1.0,1.8626451492300002e-09,909.0,126006.0,1.0
J02,2024-01-01 13:00:00,-8.898787200449999e-07,-2.27373675443e-13,0.0,145.0,31.8125,1.95472427926e-09,-1.54877637707,1.28708779812e-06,0.0752909309231,1.49942934513e-06,6493.21487427,133200.0,2.0619481801999997e-06,2.7420457811,-5.25265932083e-07,0.713048367749,107.0,-1.57852307242,-1.70614249625e-09,-2.58225041824e-10,2.0,2295.0,1.0,2.8,1.0,1.8626451492300002e-09,913.0000000000001,129606.0,1.0
J02,2024-01-01 14:00:00,-8.898787200449999e-07,-2.27373675443e-13,0.0,149.0,35.09375,2.13830335463e-09,-1.28622799814,1.4770776033399998e-06,0.0752909050789,1.5776604413999998e-06,6493.21542358,136800.0,1.77510082722e-06,2.74203915554,1.13807618618e-06,0.713044830414,109.8125,-1.57852644883,-1.9875827908000004e-09,-4.864488339750001e-10,2.0,2295.0,1.0,2.8,1.0,1.8626451492300002e-09,917.0,133206.0,1.0
J02,2024-01-01 15:00:00,-8.908100426200001e-07,-2.27373675443e-13,0.0,153.0,36.9375,2.31473927532e-09,-1.02368549867,1.52178108692e-06,0.07529080181850001,1.82539224625e-06,6493.21460724,140400.0,5.15952706337e-07,2.74203060625,2.1606683731099998e-06,0.7130410809550001,106.90625,-1.57852248871,-2.2508080409e-09,-6.850285341880001e-10,2.0,2295.0,1.0,2.8,1.0,1.8626451492300002e-09,921.0000000000001,136806.0,1.0
J02,2024-01-01 16:00:00,-8.92207026482e-07,-2.27373675443e-13,0.0,157.0,29.8125,2.61225166791e-09,-0.7611538642910001,1.2181699276e-06,0.0752900198568,2.23331153393e-06,6493.210645679999,144000.0,-1.05611979961e-06,2.74201904481,1.7993152141599999e-06,0.7130365312790001,98.03125,-1.57850516191,-2.6633252238999998e-09,-8.0181911327e-10,2.0,2295.0,1.0,2.8,1.0,1.8626451492300002e-09,925.0,140406.0,1.0
J02,2024-01-01 17:00:00,-8.936040103439999e-07,-2.27373675443e-13,0.0,161.0,13.6875,3.06512767487e-09,-0.49862474905900006,5.64381480217e-07,0.0752882234519,2.4251639843e-06,6493.2038040200005,147600.0,-1.22003257275e-06,2.74200214225,3.8743019103999994e-07,0.7130317168160001,94.34375,-1.57848070338,-3.2883512587400004e-09,-6.185971956280001e-10,2.0,2295.0,1.0,2.8,1.0,1.8626451492300002e-09,928.9999999999999,144006.0,1.0
J02,2024-01-01 18:00:00,-8.95000994205e-07,-2.27373675443e-13,0.0,165.0,-2.0625,3.3162095620100003e-09,-0.23608686948600002,-4.6566128730800005e-08,0.075286042178,2.0507723093e-06,6493.19691277,151200.0,-4.954636096949999e-07,2.74198462966,4.47034835815e-08,0.713029210837,104.06249999999999,-1.57846351117,-3.6244366866200005e-09,-3.26085011321e-10,2.0,2295.0,1.0,2.8,1.0,1.8626451492300002e-09,933.0,147606.0,1.0
J02,2024-01-01 19:00:00,-8.959323167799999e-07,-2.27373675443e-13,0.0,169.0,-5.8125,3.33835334153e-09,0.0264629694432,-1.82539224625e-07,0.0752847964177,1.65030360222e-06,6493.19343948,154800.0,-4.5262277126299995e-07,2.74197197981,-5.960464477540001e-08,0.7130280697610001,114.9375,-1.57846127876,-3.63729436505e-09,-3.65729519817e-10,2.0,2295.0,1.0,2.8,1.0,1.8626451492300002e-09,936.9999999999999,151206.0,1.0
J02,2024-01-01 20:00:00,-8.97329300642e-07,-2.27373675443e-13,0.0,173.0,-6.78125,3.33156734458e-09,0.28901485645700004,-2.51457095146e-07,0.0752848259872,1.73225998878e-06,6493.193555829999,158400.0,-5.47617673874e-07,2.74195858826,-8.754432201389999e-08,0.7130267268020001,115.09375,-1.5784602869,-3.6072931153800003e-09,-3.47871633107e-10,2.0,2295.0,1.0,2.8,1.0,1.8626451492300002e-09,941.0,154806.0,1.0
J02,2024-01-01 21:00:00,-8.97329300642e-07,-2.27373675443e-13,0.0,177.0,-17.125,3.01941148489e-09,0.551556188518,-7.376074790949999e-07,0.07528628828,1.8831342458699999e-06,6493.19849205,162000.0,-1.39698386192e-06,2.74194004138,-6.74277544022e-07,0.7130273046550001,112.03125,-1.57844518519,-3.1572743702900004e-09,1.7857886709799998e-12,2.0,2295.0,1.0,2.8,1.0,1.8626451492300002e-09,944.9999999999999,158406.0,1.0
J02,2024-01-01 22:00:00,-8.982606232169999e-07,-2.27373675443e-13,0.0,181.0,-32.71875,2.49867550844e-09,0.8140837925550001,-1.38580799103e-06,0.07528802508020001,1.56089663506e-06,6493.205459590001,165600.0,-8.92207026482e-07,2.7419231871,-2.3040920496e-06,0.71303035045,118.75,-1.57841847377,-2.43438711628e-09,1.63578242262e-10,2.0,2295.0,1.0,2.8,1.0,1.8626451492300002e-09,949.0,162006.0,1.0
J02,2024-01-01 23:00:00,-8.98726284504e-07,-2.27373675443e-13,0.0,185.0,-42.53125,2.08937274505e-09,1.07660703417,-1.74716114998e-06,0.0752890540753,9.406358003619999e-07,6493.2111454000005,169200.0,1.1343508958799998e-06,2.74191197383,-2.57045030594e-06,0.713033459151,133.53125,-1.57839232704,-1.88329273242e-09,2.2858094988499997e-11,2.0,2295.0,1.0,2.8,1.0,1.8626451492300002e-09,952.9999999999999,165606.0,1.0
J02,2024-01-02 00:00:00,-9.00123268366e-07,-2.27373675443e-13,0.0,189.0,-43.84375,1.87079221172e-09,1.33913233265,-1.7937272787099999e-06,0.0752893686295,3.37138772011e-07,6493.21508408,172800.0,2.5536864995999997e-06,2.74190485527,-1.01327896118e-06,0.7130348694040001,149.09375,-1.57837169112,-1.59970949146e-09,-2.50010413937e-10,2.0,2295.0,1.0,2.8,1.0,1.8626451492300002e-09,957.0,169206.0,1.0
J03,2024-01-01 00:00:00,-9.918585419655001e-08,0.0,0.0,93.0,416.4375,1.864363372504e-09,-0.49048148579120004,1.4854595065120001e-05,0.07533113600221,5.409121513367e-06,6492.599128723,86400.0,-2.264976501465e-06,-1.818287485349,7.376074790955e-07,0.7081454446202,22.1875,-1.596371679471,-2.002940573372e-09,-7.225300962787e-10,3.0,2295.0,1.0,4.0,63.0,1.396983861923e-09,861.0,82818.0,0.0
J03,2024-01-01 01:00:00,-1.20140612125e-07,-1.36424205266e-12,0.0,97.0,364.625,2.4947467733600004e-09,-0.227429690411,1.30441039801e-05,0.0753527887864,4.38652932644e-06,6492.74316025,90000.0,-6.20260834694e-07,-1.81830913507,-7.82310962677e-08,0.708140785226,50.90625,-1.5968401746,-2.78368738032e-09,-5.71452374714e-11,2.0,2295.0,1.0,64.0,63.0,1.39698386192e-09,865.0,86405.99999999999,1.0
J03,2024-01-01 02:00:00,-9.266659617420001e-08,-2.27373675443e-13,0.0,101.0,366.40625,2.43760153589e-09,0.0351787617938,1.29789113998e-05,0.0753552260576,4.55603003502e-06,6492.75116158,93600.0,-3.91155481339e-07,-1.81832069944,-9.31322574615e-09,0.708140855446,32.09375,-1.59684442584,-2.85011871888e-09,3.6430088887999994e-11,2.0,2295.0,1.0,11.299999999999999,63.0,1.39698386192e-09,869.0,90006.0,1.0
J03,2024-01-01 03:00:00,-9.685754776e-08,0.0,0.0,105.0,343.0625,2.23687888927e-09,0.297760392858,1.23493373394e-05,0.0753619547468,6.12251460552e-06,6492.76977539,97200.0,-5.49480319023e-07,-1.81833179714,1.11758708954e-08,0.7081410573290001,-26.3125,-1.5968234315,-2.80261674024e-09,9.2861010891e-11,2.0,2295.0,1.0,4.0,63.0,1.39698386192e-09,873.0,93606.0,1.0
J03,2024-01-01 04:00:00,-1.02911144495e-07,0.0,0.0,109.00000000000001,292.75,1.7461441624800002e-09,0.560314270904,1.0795891284900003e-05,0.0753680878552,7.01658427715e-06,6492.78896332,100800.0,-1.5664845704999998e-06,-1.81834844661,-6.2957406044e-07,0.70814349455,-56.71875,-1.59677340116,-2.28009497511e-09,5.10378402166e-10,2.0,2295.0,1.0,2.8,63.0,1.39698386192e-09,877.0,97205.99999999999,1.0
J03,2024-01-01 05:00:00,-1.05239450932e-07,0.0,0.0,112.99999999999999,273.96875,1.1993356714300001e-09,0.8228844165989999,1.0026618838300001e-05,0.0753700915957,6.750226020809999e-06,6492.79667091,104400.0,-1.01141631603e-06,-1.81836234579,-2.37487256527e-06,0.7081483148650001,-52.1875,-1.59674409014,-1.52792078689e-09,6.628847546680001e-10,2.0,2295.0,1.0,2.8,63.0,1.39698386192e-09,881.0,100806.0,1.0
J03,2024-01-01 06:00:00,-1.0617077350599999e-07,0.0,0.0,117.0,292.125,1.20040714463e-09,1.08550452826,1.0285526514100001e-05,0.07536907610480001,6.91413879395e-06,6492.79080963,108000.0,7.748603820799999e-07,-1.81836828231,-2.11969017982e-06,0.7081502737130001,-65.96875,-1.59677063917,-1.39255800563e-09,3.87516141603e-10,2.0,2295.0,1.0,2.8,63.0,1.39698386192e-09,885.0,104406.0,1.0
J03,2024-01-01 07:00:00,-1.0617077350599999e-07,0.0,0.0,121.0,304.9375,1.58970907491e-09,1.34816130796,1.04513019323e-05,0.0753680191701,7.92555510998e-06,6492.778656009999,111600.00000000001,1.11199915409e-06,-1.81837284955,-7.823109626769999e-07,0.708148721557,-112.00000000000001,-1.59683311455,-1.7154285973400003e-09,1.2643383790500001e-10,2.0,2295.0,1.0,2.8,63.0,1.39698386192e-09,889.0,108006.0,1.0
J03,2024-01-01 08:00:00,-1.08033418655e-07,0.0,0.0,125.0,292.25,2.03829918906e-09,1.61081239984,1.0015442967399999e-05,0.07536813814660001,8.855015039439999e-06,6492.7688427,115199.99999999999,4.24683094025e-07,-1.81838001199,-3.53902578354e-07,0.708145811813,-153.59375,-1.59688589225,-2.1511610330600005e-09,4.35732435719e-11,2.0,2295.0,1.0,2.8,63.0,1.39698386192e-09,893.0,111606.0,1.0
J03,2024-01-01 09:00:00,-1.0896474122999999e-07,-1.1368683772199998e-13,0.0,129.0,282.34375,2.22187826443e-09,1.87342726694,9.71555709839e-06,0.0753684239462,9.06735658646e-06,6492.76617813,118800.0,2.6635825633999996e-07,-1.81838890068,-6.10947608948e-07,0.708144571258,-163.53125,-1.59690009572,-2.34759778687e-09,7.78603860547e-11,2.0,2295.0,1.0,2.8,1.0,1.39698386192e-09,897.0000000000001,115206.00000000001,1.0
J03,2024-01-01 10:00:00,-1.08033418655e-07,0.0,0.0,133.0,310.875,1.94900975551e-09,2.13600202229,1.0397285223e-05,0.0753671758575,8.99098813534e-06,6492.77119255,122400.0,2.77534127235e-07,-1.81839491035,-1.47148966789e-07,0.7081464437930001,-157.21875,-1.59687671683,-2.09115853372e-09,-2.50010413937e-12,2.0,2295.0,1.0,2.8,1.0,1.39698386192e-09,901.0,118805.99999999999,1.0
J03,2024-01-01 11:00:00,-1.07102096081e-07,0.0,0.0,137.0,379.875,1.43577409147e-09,2.39855129215,1.2068077921900002e-05,0.07536328502470001,9.36910510063e-06,6492.782602310001,126000.0,-9.18284058571e-07,-1.81839593586,3.20374965668e-07,0.708149090212,-169.3125,-1.5968329551,-1.63935399996e-09,-3.56086260993e-10,2.0,2295.0,1.0,2.8,1.0,1.39698386192e-09,905.0000000000001,122405.99999999999,1.0
J03,2024-01-01 12:00:00,-1.0710209608079999e-07,0.0,0.0,141.0,458.15625000000006,1.276124584283e-09,2.66109679206,1.406855881214e-05,0.07535665738396001,1.051090657711e-05,6492.799150467001,129600.0,-1.424923539162e-06,-1.818400538196,-6.500631570816e-07,0.7081486381704001,-216.87500000000003,-1.596784582247,-1.667569460962e-09,-5.593090117511e-10,2.0,2295.0,1.0,2.8,1.0,1.396983861923e-09,909.0,126000.0,0.0
J03,2024-01-01 13:00:00,-1.080334186554e-07,0.0,0.0,145.0,506.9375,1.4214877821e-09,2.923661369888,1.55009329319e-05,0.07534954533912,1.237168908119e-05,6492.815599442,133200.0,-1.1362135410309999e-07,-1.818413871231,-6.649643182754999e-07,0.7081467861161,-284.875,-1.596751344748,-2.00794078165e-09,-2.2572368801190003e-10,2.0,2295.0,1.0,2.8,1.0,1.396983861923e-09,913.0000000000001,129600.0,0.0
J03,2024-01-01 14:00:00,-1.080334186554e-07,0.0,0.0,149.0,517.28125,1.476847230901e-09,-3.096937563446,1.5884637832640002e-05,0.07534532737918,1.4156103134160002e-05,6492.824907303,136800.0,3.091990947723e-07,-1.818424945521,-1.266598701477e-07,0.7081464379416,-332.28125,-1.596743885329,-2.0918728491860003e-09,-1.7857886709799998e-12,2.0,2295.0,1.0,2.8,1.0,1.396983861923e-09,917.0,133200.0,0.0
J03,2024-01-01 15:00:00,-1.084990799427e-07,0.0,0.0,153.0,521.28125,1.6764984043160002e-09,-2.83434890306,1.5797093510630003e-05,0.07534561492503,1.466274261475e-05,6492.824583054,140400.0,8.195638656615999e-07,-1.818429003656,-5.923211574554e-07,0.7081461160996,-324.4375,-1.596744553883,-2.197234380774e-09,-2.18580533328e-10,2.0,2295.0,1.0,2.8,1.0,1.396983861923e-09,921.0000000000001,136800.0,0.0
J03,2024-01-01 16:00:00,-1.0896474122999999e-07,0.0,0.0,157.0,555.0,1.8422195929830001e-09,-2.571778238029,1.6322359442710002e-05,0.07534954207949,1.40555202961e-05,6492.815544128,144000.0,6.463378667831e-07,-1.818438977831,-2.793967723846e-08,0.7081463618698001,-282.84375,-1.596721365168,-2.18151944047e-09,-5.5002291066199996e-11,2.0,2295.0,1.0,2.8,1.0,1.396983861923e-09,925.0,140400.0,0.0
J03,2024-01-01 17:00:00,-1.084990799427e-07,-1.136868377216e-13,0.0,161.0,610.53125,1.174691787771e-09,-2.309230104863,1.758895814419e-05,0.07535481313244001,1.390650868416e-05,6492.800727844,147600.0,-2.0284205675129997e-06,-1.818461233204,-1.0076910257339998e-06,0.7081526743613,-261.0,-1.596663179065,-1.1539766391880001e-09,7.568172387615001e-10,2.0,2295.0,1.0,2.8,1.0,1.396983861923e-09,928.9999999999999,144000.0,0.0
J03,2024-01-01 18:00:00,-1.0896474122999999e-07,-1.1368683772199998e-13,0.0,165.0,626.28125,4.2680349236400004e-10,-2.04665874348,1.8114224076300002e-05,0.0753566783387,1.4375895261800002e-05,6492.79454422,151200.0,-1.35786831379e-06,-1.81847322474,-3.54088842869e-06,0.708159779754,-266.125,-1.59663445613,-1.95365280605e-10,9.11466537668e-10,2.0,2295.0,1.0,2.8,1.0,1.39698386192e-09,933.0,147606.0,1.0
J03,2024-01-01 19:00:00,-1.08499079943e-07,-1.1368683772199998e-13,0.0,169.0,583.03125,7.80032491484e-10,-1.7840087327,1.75591558218e-05,0.0753542981111,1.35600566864e-05,6492.8066082000005,154800.0,1.02818012238e-06,-1.81846996975,-1.93901360035e-06,0.708156065405,-234.50000000000003,-1.59669897374,-8.750364487800001e-10,3.3537111241e-10,2.0,2295.0,1.0,2.8,1.0,1.39698386192e-09,936.9999999999999,151206.0,1.0
J03,2024-01-01 20:00:00,-1.0896474122999999e-07,0.0,0.0,173.0,537.125,1.7011422879800002e-09,-1.52129572135,1.71586871147e-05,0.0753516257973,1.11926347017e-05,6492.82979774,158400.0,1.02445483208e-07,-1.8184704057,5.36441802979e-07,0.7081449925790001,-144.625,-1.5968284654,-2.4293869080000002e-09,-1.2857678431099998e-11,2.0,2295.0,1.0,2.8,1.0,1.39698386192e-09,941.0,154806.0,1.0
J03,2024-01-01 21:00:00,-1.0896474122999999e-07,0.0,0.0,177.0,534.6875,2.21259216334e-09,-1.25861505805,1.7521902918800004e-05,0.07535135396760001,9.346753358839999e-06,6492.84638977,162000.0,-1.20513141155e-06,-1.81848084362,1.88127160072e-07,0.708138418225,-72.15625,-1.59692046393,-3.3394248147300005e-09,8.250343659929998e-11,2.0,2295.0,1.0,2.8,1.0,1.39698386192e-09,944.9999999999999,158406.0,1.0
J03,2024-01-01 22:00:00,-1.08033418655e-07,0.0,0.0,181.0,521.75,1.8779353664e-09,-0.996037066725,1.70636922121e-05,0.0753509959904,9.38400626183e-06,6492.8441391,165600.0,-3.46451997757e-07,-1.81849010682,2.16066837311e-07,0.708142177924,-79.09375,-1.59690937355,-2.8340466208500004e-09,6.321691895269999e-11,2.0,2295.0,1.0,2.8,1.0,1.39698386192e-09,949.0,162006.0,1.0
J03,2024-01-01 23:00:00,-1.07567757368e-07,0.0,0.0,185.0,439.8125,1.45970365966e-09,-0.733544572722,1.46627426147e-05,0.07534633344040001,1.02184712887e-05,6492.82182503,169200.0,-9.685754775999998e-07,-1.81849213442,1.5981495380399998e-06,0.708147421023,-120.34375,-1.59681506361,-1.95901017207e-09,-4.33589489314e-10,2.0,2295.0,1.0,2.8,1.0,1.39698386192e-09,952.9999999999999,165606.0,1.0
J03,2024-01-02 00:00:00,-1.08033418655e-07,0.0,0.0,189.0,326.09375,1.9222229254400002e-09,-0.47105713309999997,1.13602727652e-05,0.0753368156729,1.00769102573e-05,6492.7880516099995,172800.0,-1.70804560184e-06,-1.81850184088,4.5634806156199994e-07,0.708145484119,-117.625,-1.59670632783,-2.25509393371e-09,-5.464513333200001e-10,2.0,2295.0,1.0,2.8,1.0,1.39698386192e-09,957.0,169206.0,1.0
J04,2024-01-01 00:00:00,7.558474317193001e-05,1.0231815394949999e-12,0.0,93.0,-953.1875,-3.192990143713e-10,-2.29516549049,-2.8735026717190006e-05,0.07530046848115,6.780028343200999e-07,6493.9021987920005,86400.0,-5.187466740608e-06,-0.10445241669100001,-3.568828105927e-06,0.6219404249894,55.09375,-1.547391597837,2.6679682744450004e-10,1.684355874469e-09,2.0,2295.0,1.0,2.8,1.0,-2.793967723846e-09,861.0,82818.0,0.0
J04,2024-01-01 01:00:00,7.558893412350001e-05,1.0231815394899998e-12,0.0,97.0,-728.3125,-7.22172938544e-10,-2.03290886716,-2.3404136300100002e-05,0.0753143255133,1.89803540707e-06,6493.85541153,90000.0,-1.5906989574399997e-06,-0.10445840734100001,-6.62542879581e-06,0.621948550036,27.75,-1.54718222939,1.3389843455e-09,1.3868434818800001e-09,2.0,2295.0,1.0,2.8,1.0,-2.79396772385e-09,865.0,86405.99999999999,1.0
J04,2024-01-01 02:00:00,7.55921937525e-05,1.0231815394899998e-12,0.0,101.0,-566.53125,-4.2858928103499995e-11,-1.77063171762,-1.9351020455400003e-05,0.0753219200997,4.205852746959999e-06,6493.81905174,93600.0,2.76416540146e-06,-0.104451708639,-4.604458808899999e-06,0.6219479648690001,-60.84375,-1.54699849127,1.00254175989e-09,6.22883088438e-10,2.0,2295.0,1.0,2.8,1.0,-2.79396772385e-09,869.0,90006.0,1.0
J04,2024-01-01 03:00:00,7.559545338150001e-05,1.0231815394899998e-12,0.0,105.0,-512.0,1.2229080818900002e-09,-1.50823824123,-1.7462298274e-05,0.0753232104471,5.43333590031e-06,6493.8055915800005,97200.0,3.20002436638e-06,-0.104446875157,-5.62518835068e-07,0.6219391961380001,-109.96875,-1.54692790547,-3.80015829185e-10,1.39291516336e-11,2.0,2295.0,1.0,2.8,1.0,-2.79396772385e-09,873.0,93606.0,1.0
J04,2024-01-01 04:00:00,7.559871301050001e-05,1.0231815394899998e-12,0.0,109.00000000000001,-489.9375,2.3679557777200003e-09,-1.24571426962,-1.6257166862500004e-05,0.0753230992705,4.619359970089999e-06,6493.81492996,100800.0,9.946525096889999e-07,-0.104452532262,1.11013650894e-06,0.621928427598,-68.65625,-1.54698057784,-1.95722438339e-09,-1.62149611325e-10,2.0,2295.0,1.0,2.8,1.0,-2.79396772385e-09,877.0,97205.99999999999,1.0
J04,2024-01-01 05:00:00,7.5601041317e-05,1.0231815394899998e-12,0.0,112.99999999999999,-425.43749999999994,3.08084261518e-09,-0.983119722448,-1.4198943972600001e-05,0.075325672864,2.9560178518299998e-06,6493.83849335,104400.0,-3.8184225559199997e-07,-0.104467385269,2.32830643654e-07,0.6219206039120001,10.65625,-1.54709940921,-3.19263298598e-09,3.1787038343499994e-11,2.0,2295.0,1.0,2.8,1.0,-2.79396772385e-09,881.0,100806.0,1.0
J04,2024-01-01 06:00:00,7.5604300946e-05,1.0231815394899998e-12,0.0,117.0,-340.84375,3.1212014391400003e-09,-0.720544544315,-1.1920928955100002e-05,0.0753307000268,2.1439045667599996e-06,6493.8625927,108000.0,-6.14672899246e-08,-0.10448257767300001,-2.58907675743e-07,0.621918963981,48.625,-1.54720140678,-3.5501478779100002e-09,2.33938315898e-10,2.0,2295.0,1.0,2.8,1.0,-2.79396772385e-09,885.0,104406.0,1.0
J04,2024-01-01 07:00:00,7.56084918976e-05,1.0231815394899998e-12,0.0,121.0,-302.21875,2.9115498491700002e-09,-0.458037900969,-1.08759850264e-05,0.0753339431249,2.22399830818e-06,6493.8742981,111600.00000000001,-8.754432201389999e-08,-0.10449352322600002,5.2154064178499997e-08,0.621920122612,45.6875,-1.54724019459,-3.4019274182200005e-09,1.89650756858e-10,2.0,2295.0,1.0,2.8,1.0,-2.79396772385e-09,889.0,108006.0,1.0
J04,2024-01-01 08:00:00,7.56126828492e-05,1.0231815394899998e-12,0.0,125.0,-316.4375,2.91655005745e-09,-0.19557992451700001,-1.12187117338e-05,0.0753315552138,1.7248094081899999e-06,6493.8674926799995,115199.99999999999,-2.9802322387700003e-07,-0.10450392018500002,2.421438694e-08,0.621920846757,65.0,-1.54723076316,-3.3176381929500004e-09,8.60750139413e-11,2.0,2295.0,1.0,2.8,1.0,-2.79396772385e-09,893.0,111606.0,1.0
J04,2024-01-01 09:00:00,7.561640813950001e-05,1.0231815394899998e-12,0.0,129.0,-322.5625,3.0887000853300006e-09,0.0668844814585,-1.13751739264e-05,0.075324619771,1.02445483208e-07,6493.8482818600005,118800.0,-3.05473804474e-07,-0.104515038362,-8.568167686460002e-08,0.621921079361,127.03125,-1.54722507533,-3.3162095620100003e-09,2.6429672330499995e-11,2.0,2295.0,1.0,2.8,1.0,-2.79396772385e-09,897.0000000000001,115206.00000000001,1.0
J04,2024-01-01 10:00:00,7.562059909110001e-05,1.0231815394899998e-12,0.0,133.0,-294.90625,3.20191908707e-09,0.32937603480500005,-1.07083469629e-05,0.0753185343929,-1.14366412163e-06,6493.83116341,122400.0,-5.01051545143e-07,-0.10452821632800001,-8.00937414169e-08,0.621921355852,176.75,-1.54724206567,-3.2429922265000003e-09,1.0464721611900002e-10,2.0,2295.0,1.0,2.8,1.0,-2.79396772385e-09,901.0,118805.99999999999,1.0
J04,2024-01-01 11:00:00,7.56243243814e-05,1.0231815394899998e-12,0.0,137.0,-286.875,2.65511059601e-09,0.591850982569,-1.0685995221100001e-05,0.0753182865446,-1.50315463543e-06,6493.83125305,126000.0,-1.53481960297e-06,-0.104548836159,-1.1418014764799999e-06,0.6219249663340001,187.78125,-1.54723505829,-2.45081637205e-09,5.932389965e-10,2.0,2295.0,1.0,2.8,1.0,-2.79396772385e-09,905.0000000000001,122405.99999999999,1.0
J04,2024-01-01 12:00:00,7.56280496716e-05,1.0231815394899998e-12,0.0,141.0,-335.15625,1.3989868448500002e-09,0.8542516506669999,-1.2049451470400003e-05,0.0753231571289,-2.5499612093e-06,6493.8514823900005,129600.0,-3.37138772011e-07,-0.104568074994,-3.68990004063e-06,0.621933713121,214.125,-1.54715627576,-9.63611566861e-10,8.978945437689999e-10,2.0,2295.0,1.0,2.8,1.0,-2.79396772385e-09,909.0,126006.0,1.0
J04,2024-01-01 13:00:00,7.56317749619e-05,1.0231815394899998e-12,0.0,145.0,-401.34375,3.8037298691900004e-10,1.1165720938,-1.37649476528e-05,0.0753283769591,-5.161389708519999e-06,6493.8829345700005,133200.0,3.1199306249599997e-06,-0.10457509992700001,-3.30433249474e-06,0.621941219354,304.1875,-1.54701001321,1.6786413507199998e-11,6.032394130570001e-10,2.0,2295.0,1.0,2.8,1.0,-2.79396772385e-09,913.0000000000001,129606.0,1.0
J04,2024-01-01 14:00:00,7.56359659135e-05,1.0231815394899998e-12,0.0,149.0,-423.21875,9.750406143549999e-11,1.37886230427,-1.4515593648000001e-05,0.0753303912934,-8.56816768646e-06,6493.91471863,136800.0,4.31202352047e-06,-0.104575034096,3.53902578354e-08,0.6219421556210001,432.96875000000006,-1.54684283825,1.07147320259e-12,6.321691895269999e-11,2.0,2295.0,1.0,2.8,1.0,-2.79396772385e-09,917.0,133206.0,1.0
J04,2024-01-01 15:00:00,7.563922554250001e-05,1.0231815394899998e-12,0.0,153.0,-403.875,6.57884546389e-10,1.64120661637,-1.4463439583800001e-05,0.0753293287707,-1.09542161226e-05,6493.93483925,140400.0,2.1830201149e-06,-0.104578135482,2.2258609533299997e-06,0.6219359455340001,518.8125,-1.5467306968,-9.23967058365e-10,-3.14298806093e-10,2.0,2295.0,1.0,2.8,1.0,-2.79396772385e-09,921.0000000000001,136806.0,1.0
J04,2024-01-01 16:00:00,7.564341649410001e-05,1.0231815394899998e-12,0.0,157.0,-426.0625,1.7372152191300001e-09,1.90366703736,-1.53202563524e-05,0.0753293239977,-1.1490657925600002e-05,6493.93445015,144000.0,5.02914190292e-08,-0.104590150428,1.38208270073e-06,0.621927302614,524.375,-1.54672968446,-2.1786621786000003e-09,-3.11441544219e-10,2.0,2295.0,1.0,2.8,1.0,-2.79396772385e-09,925.0,140406.0,1.0
J04,2024-01-01 17:00:00,7.5648073107e-05,1.0231815394899998e-12,0.0,161.0,-547.96875,2.7415427676900003e-09,2.16623151864,-1.8229708075500002e-05,0.0753348126309,-1.1393800377800002e-05,6493.91327858,147600.0,8.00937414169e-08,-0.104606953505,-4.284083843230001e-08,0.621921851781,510.53125,-1.54682839486,-3.0240545354400003e-09,-6.53598653579e-11,2.0,2295.0,1.0,2.8,1.0,-2.79396772385e-09,928.9999999999999,144006.0,1.0
J04,2024-01-01 18:00:00,7.56517983973e-05,1.0231815394899998e-12,0.0,165.0,-706.3125,3.15656005482e-09,2.4288159468,-2.18022614717e-05,0.0753449921031,-1.2200325727500002e-05,6493.88330841,151200.0,1.86264514923e-07,-0.10461828673200001,-1.67638063431e-08,0.621921455331,550.25,-1.54694795037,-3.0479841036300003e-09,-3.5715773419599996e-11,2.0,2295.0,1.0,2.8,1.0,-2.79396772385e-09,933.0,147606.0,1.0
J04,2024-01-01 19:00:00,7.56555236876e-05,1.0231815394949999e-12,0.0,169.0,-785.96875,3.334781764189e-09,2.691338935332,-2.3581087589260003e-05,0.07535218226258,-1.346133649349e-05,6493.865358353,154800.0,-4.0978193283079996e-08,-0.1046276479444,-3.5390257835390003e-08,0.6219215284766001,610.1875,-1.547002817117,-2.9736952949170003e-09,-1.089331089298e-10,2.0,2295.0,1.0,2.8,1.0,-2.793967723846e-09,936.9999999999999,151200.0,0.0
J04,2024-01-01 20:00:00,7.565924897790001e-05,1.0231815394949999e-12,0.0,173.0,-771.65625,3.270850529768e-09,2.953800561764,-2.323463559151e-05,0.07534891506657,-1.258216798306e-05,6493.872505188,158400.0,8.195638656615999e-08,-0.10463933665980002,4.656612873077e-08,0.6219211525066001,571.75,-1.546992734685,-3.004410860057e-09,-6.035965707914e-11,2.0,2295.0,1.0,2.8,1.0,-2.793967723846e-09,941.0,154800.0,0.0
J04,2024-01-01 21:00:00,7.566250860691001e-05,1.0231815394949999e-12,0.0,177.0,-767.25,2.9083354295590003e-09,-3.066923464233,-2.3128464818e-05,0.07533636956941,-9.10647213459e-06,6493.899160385,162000.0,1.0058283805849999e-07,-0.1046515681179,2.700835466385e-07,0.6219210661945,414.68749999999994,-1.546984930018,-3.009053910602e-09,1.9643675380779998e-11,2.0,2295.0,1.0,2.8,1.0,-2.793967723846e-09,944.9999999999999,158400.0,0.0
J04,2024-01-01 22:00:00,7.566576823590001e-05,1.0231815394899998e-12,0.0,181.0,-825.96875,2.4747459402400003e-09,-2.80443176752,-2.44099646807e-05,0.0753234199947,-5.7797878980600005e-06,6493.9270153,165600.0,-6.33299350739e-08,-0.104663542102,3.83704900742e-07,0.621921287095,260.25,-1.5470130868,-2.9694094021100002e-09,8.250343659929998e-11,2.0,2295.0,1.0,2.8,1.0,-2.79396772385e-09,949.0,162006.0,1.0
J04,2024-01-01 23:00:00,7.566949352622001e-05,1.0231815394949999e-12,0.0,185.0,-864.3437499999999,1.678998508456e-09,-2.541955628941,-2.511218190193e-05,0.07531992299482,-4.637986421585e-06,6493.933961868,169200.0,-2.339482307434e-06,-0.104687352557,3.0733644962309997e-07,0.6219250892192001,211.15624999999997,-1.547018900438,-2.2308072077890003e-09,7.471739799382001e-10,2.0,2295.0,1.0,2.8,1.0,-2.793967723846e-09,952.9999999999999,165600.0,0.0
J04,2024-01-02 00:00:00,7.56732188165e-05,1.0231815394899998e-12,0.0,189.0,-784.625,4.96092092798e-10,-2.27956687046,-2.31247395277e-05,0.0753271394642,-4.39211726189e-06,6493.91272163,172800.0,-4.08105552197e-06,-0.10471278099900001,-2.97650694847e-06,0.621934463598,221.90625000000003,-1.54693352308,-6.421696060850001e-10,1.3704142261100002e-09,2.0,2295.0,1.0,2.8,1.0,-2.79396772385e-09,957.0,169206.0,1.0
J07,2024-01-01 00:00:00,-4.1443854570390005e-08,0.0,0.0,93.0,-434.34375,0.0,-1.115830461629,-1.4176592230800002e-05,0.0001908107660711,1.264736056328e-05,6493.506269455,86400.0,1.117587089539e-06,0.3204907560807,-8.661299943924e-07,0.001389949188391,-392.625,3.029666126989,9.932556587993e-10,0.0,2.0,2295.0,1.0,2.8,1.0,-3.725290298462e-09,861.0,82818.0,0.0
J07,2024-01-01 01:00:00,-4.19095158577e-08,0.0,0.0,97.0,-386.75,0.0,-0.878082565698,-1.2712553143500001e-05,0.000187791185454,1.15837901831e-05,6493.4926853199995,90000.0,1.45472586155e-06,0.320180845663,-8.773058652879999e-07,0.00139035880545,-358.0,3.05473533488,1.0857595119600002e-09,0.0,2.0,2295.0,1.0,2.8,1.0,-3.7252902984600004e-09,865.0,86405.99999999999,1.0
J07,2024-01-01 02:00:00,-4.2375177145000004e-08,0.0,0.0,101.0,-338.40625,0.0,-0.632903040072,-1.1228024959600001e-05,0.000184446573257,1.1391937732700001e-05,6493.48137856,93600.0,2.23331153393e-06,0.319636909315,-2.53319740295e-07,0.00139174418887,-351.75,3.07260880862,1.1629055825400002e-09,0.0,2.0,2295.0,1.0,2.8,1.0,-3.7252902984600004e-09,869.0,90006.0,1.0
J07,2024-01-01 03:00:00,-4.19095158577e-08,0.0,0.0,105.0,-324.0625,0.0,-0.37454041208300004,-1.0794028639800001e-05,0.000183210941032,1.1533498764000002e-05,6493.47786903,97200.0,2.42330133915e-06,0.319322754972,1.25728547573e-06,0.00139372790579,-356.46875,3.07707049371,1.18826378167e-09,0.0,2.0,2295.0,1.0,2.8,1.0,-3.7252902984600004e-09,873.0,93606.0,1.0
J07,2024-01-01 04:00:00,-4.1443854570400004e-08,0.0,0.0,109.00000000000001,-335.25,0.0,-0.10974480518600001,-1.1162832379300002e-05,0.000185182434507,1.09374523163e-05,6493.4827919,100800.0,1.27404928207e-06,0.31926610054300003,2.75298953056e-06,0.00139579793487,-338.1875,3.07484160489,1.1607626361400001e-09,0.0,2.0,2295.0,1.0,2.8,1.0,-3.7252902984600004e-09,877.0,97205.99999999999,1.0
J07,2024-01-01 05:00:00,-4.09781932831e-08,0.0,0.0,112.99999999999999,-338.8125,0.0,0.152085927584,-1.1278316378600001e-05,0.00018963881302600002,9.43243503571e-06,6493.49364281,104400.0,-7.823109626769999e-07,0.319272442293,3.02866101265e-06,0.00139781822474,-291.25,3.07551343393,1.0954027707800002e-09,0.0,2.0,2295.0,1.0,2.8,1.0,-3.7252902984600004e-09,881.0,100806.0,1.0
J07,2024-01-01 06:00:00,-4.09781932831e-08,0.0,0.0,117.0,-317.03125,0.0,0.40753485432,-1.0576099157300001e-05,0.000194391002879,7.90506601334e-06,6493.50567627,108000.0,-2.44565308094e-06,0.319296992984,1.76206231117e-06,0.00139998773225,-243.84375,3.08254717185,1.02468553941e-09,0.0,2.0,2295.0,1.0,2.8,1.0,-3.7252902984600004e-09,885.0,104406.0,1.0
J07,2024-01-01 07:00:00,-4.05125319958e-08,0.0,0.0,121.0,-287.4375,0.0,0.6612193979850001,-9.60938632488e-06,0.000197407091036,7.197260856629999e-06,6493.51413918,111600.00000000001,-2.71201133728e-06,0.31955255745800004,-1.65775418282e-07,0.00140239862125,-222.0625,3.09111276347,9.768264030259999e-10,0.0,2.0,2295.0,1.0,2.8,1.0,-3.7252902984600004e-09,889.0,108006.0,1.0
J07,2024-01-01 08:00:00,-4.05125319958e-08,0.0,0.0,125.0,-278.21875,0.0,0.920894860362,-9.28901135921e-06,0.000198056921363,7.141381502149999e-06,6493.51622009,115199.99999999999,-1.7154961824399998e-06,0.320256848646,-1.4919787645299999e-06,0.0014047085688900002,-220.21875,3.0932379431,9.68254617406e-10,0.0,2.0,2295.0,1.0,2.8,1.0,-3.7252902984600004e-09,893.0,111606.0,1.0
J07,2024-01-01 09:00:00,-4.09781932831e-08,0.0,0.0,129.0,-295.78125,0.0,1.19206929187,-9.823590517039998e-06,0.000197155051865,6.861984729769999e-06,6493.51148987,118800.0,-4.69386577606e-07,0.32130531764500003,-1.67638063431e-06,0.00140633972255,-211.0,3.08352020694,1.00075597122e-09,0.0,2.0,2295.0,1.0,2.8,1.0,-3.7252902984600004e-09,897.0000000000001,115206.00000000001,1.0
J07,2024-01-01 10:00:00,-4.09781932831e-08,0.0,0.0,133.0,-318.40625,0.0,1.47369711276,-1.0529533028600001e-05,0.000196267617866,5.8319419622399996e-06,6493.5020752,122400.0,1.58324837685e-07,0.32224144770100005,-1.22562050819e-06,0.0014070126648700002,-177.8125,3.06346249264,1.06290141697e-09,0.0,2.0,2295.0,1.0,2.8,1.0,-3.7252902984600004e-09,901.0,118805.99999999999,1.0
J07,2024-01-01 11:00:00,-4.09781932831e-08,0.0,0.0,137.0,-322.3125,0.0,1.7570135405,-1.0650604963300002e-05,0.000196439446881,4.50573861599e-06,6493.49211502,126000.0,2.1792948245999998e-07,0.32256798710900003,-1.00024044514e-06,0.00140707264451,-134.96875,3.04232721629,1.1296899132600001e-09,0.0,2.0,2295.0,1.0,2.8,1.0,-3.7252902984600004e-09,905.0000000000001,122405.99999999999,1.0
J07,2024-01-01 12:00:00,-4.09781932831e-08,0.0,0.0,141.0,-314.03125,0.0,2.02986136156,-1.0397285223e-05,0.000197056331672,3.85753810406e-06,6493.48693275,129600.0,4.507601261139999e-07,0.322138133501,-1.2516975402799999e-06,0.0014073111001600002,-113.84375,3.0324181085,1.1650485289500002e-09,0.0,2.0,2295.0,1.0,2.8,1.0,-3.7252902984600004e-09,909.0,126006.0,1.0
J07,2024-01-01 13:00:00,-4.2375177145000004e-08,0.0,0.0,145.0,-324.8125,0.0,2.28799166646,-1.0760501027100002e-05,0.000196370529011,4.02331352234e-06,6493.489559170001,133200.0,1.35786831379e-06,0.32127988627700005,-1.3317912816999998e-06,0.00140839658537,-118.53125,3.03765516066,1.15254800825e-09,0.0,2.0,2295.0,1.0,2.8,1.0,-3.7252902984600004e-09,913.0000000000001,129606.0,1.0
J07,2024-01-01 14:00:00,-4.37721610069e-08,0.0,0.0,149.0,-374.6875,0.0,2.53471380116,-1.2338161468500001e-05,0.000192813109607,4.08850610256e-06,6493.50093079,136800.0,2.4754554033299998e-06,0.320511693364,-4.1909515857699995e-07,0.0014103993202200002,-120.5625,3.05420931928,1.08075930368e-09,0.0,2.0,2295.0,1.0,2.8,1.0,-3.7252902984600004e-09,917.0,133206.0,1.0
J07,2024-01-01 15:00:00,-4.51691448689e-08,0.0,0.0,153.0,-437.40625,0.0,2.78120653276,-1.4305114746100001e-05,0.000186967896298,3.1273812055599995e-06,6493.51694107,140400.0,2.67289578915e-06,0.320136568985,1.47521495819e-06,0.00141287165178,-89.84375,3.0705977483,9.775407184950001e-10,0.0,2.0,2295.0,1.0,2.8,1.0,-3.7252902984600004e-09,921.0000000000001,136806.0,1.0
J07,2024-01-01 16:00:00,-4.61004674435e-08,0.0,0.0,157.0,-469.8125,0.0,3.03680278412,-1.5322118997600002e-05,0.000181825831532,1.6950070857999998e-06,6493.5298481,144000.0,1.24983489513e-06,0.32007290279,3.24286520481e-06,0.00141534837208,-44.15625,3.07756898451,8.94680124161e-10,0.0,2.0,2295.0,1.0,2.8,1.0,-3.7252902984600004e-09,925.0,140406.0,1.0
J07,2024-01-01 17:00:00,-4.61004674435e-08,0.0,0.0,161.0,-472.71875000000006,0.0,-2.98426631499,-1.54115259647e-05,0.00018057890702,1.27404928207e-06,6493.532917019999,147600.0,-1.24052166939e-06,0.3200767883,3.5166740417499997e-06,0.00141778851944,-31.25,3.07795149077,8.775365529200001e-10,0.0,2.0,2295.0,1.0,2.8,1.0,-3.7252902984600004e-09,928.9999999999999,144006.0,1.0
J07,2024-01-01 18:00:00,-4.51691448689e-08,0.0,0.0,165.0,-490.34375,0.0,-2.72768252809,-1.5931203961400002e-05,0.000183942378499,2.2463500499700003e-06,6493.52437782,151200.0,-3.2652169465999995e-06,0.320107636854,1.89803540707e-06,0.00142049930664,-64.21875,3.08383988818,9.42896418278e-10,0.0,2.0,2295.0,1.0,2.8,1.0,-3.7252902984600004e-09,933.0,147606.0,1.0
J07,2024-01-01 19:00:00,-4.47034835815e-08,0.0,0.0,169.0,-537.25,0.0,-2.47999689067,-1.73319131136e-05,0.000188552541658,3.2093375921199995e-06,6493.511337280001,154800.0,-3.54833900928e-06,0.32044864159500003,-5.99771738052e-07,0.001423635803,-96.4375,3.09831799196,1.03897184878e-09,0.0,2.0,2295.0,1.0,2.8,1.0,-3.7252902984600004e-09,936.9999999999999,151206.0,1.0
J07,2024-01-01 20:00:00,-4.37721610069e-08,0.0,0.0,173.0,-566.5,0.0,-2.22773291507,-1.82073563337e-05,0.00019057316239900002,3.35276126862e-06,6493.50453949,158400.0,-2.14017927647e-06,0.32142490680900004,-2.38046050072e-06,0.00142680302064,-101.06250000000001,3.10758406973,1.0889739315600001e-09,0.0,2.0,2295.0,1.0,2.8,1.0,-3.7252902984600004e-09,941.0,154806.0,1.0
J07,2024-01-01 21:00:00,-4.33064997196e-08,0.0,0.0,177.0,-546.9375,0.0,-1.95555428393,-1.7624348402000002e-05,0.00018958840519200002,3.73274087906e-06,6493.50962448,162000.0,-2.68220901489e-07,0.32300080312600005,-2.60956585407e-06,0.00142923585341,-113.625,3.09633598813,1.05111521174e-09,0.0,2.0,2295.0,1.0,2.8,1.0,-3.7252902984600004e-09,944.9999999999999,158406.0,1.0
J07,2024-01-01 22:00:00,-4.33064997196e-08,0.0,0.0,181.0,-516.90625,0.0,-1.66759756782,-1.6728416085200003e-05,0.000188401667401,5.08315861225e-06,6493.52168274,165600.0,8.381903171539999e-07,0.324678496597,-1.76206231117e-06,0.00143041496538,-158.59375,3.06920666974,9.625400936580001e-10,0.0,2.0,2295.0,1.0,2.8,1.0,-3.7252902984600004e-09,949.0,162006.0,1.0
J07,2024-01-01 23:00:00,-4.37721610069e-08,0.0,0.0,185.0,-512.0,0.0,-1.38612376294,-1.6583129763600002e-05,0.000188486184925,6.23613595963e-06,6493.53037262,169200.0,9.62987542152e-07,0.325828606218,-9.36910510063e-07,0.00143054077634,-197.28125,3.04908622844,8.978945437689999e-10,0.0,2.0,2295.0,1.0,2.8,1.0,-3.7252902984600004e-09,952.9999999999999,165606.0,1.0
J07,2024-01-02 00:00:00,-4.47034835815e-08,0.0,0.0,189.0,-506.03125,0.0,-1.12809741301,-1.6400590539e-05,0.00018812599591900002,6.00144267082e-06,6493.528127670001,172800.0,8.381903171539999e-07,0.326146505631,-7.30156898499e-07,0.00143041350246,-189.75,3.05324495637,9.125380108710002e-10,0.0,2.0,2295.0,1.0,2.8,1.0,-3.7252902984600004e-09,957.0,169206.0,1.0
