satelite_id,Datetime,a0,a1,a2,IODnav,C_rs,Delta n0,M0,C_uc,e,C_us,sqrt(A),T_oe,C_ic,OMEGA0,C_is,i0,C_rc,omega,OMEGA DOT,IDOT,Data source,GAL Week,SISA signal,SV health,BGDa,BGDb,t_tm
E02,2024-10-13 23:30:00,0.0001667278120294,2.899014361901e-12,0.0,14.0,71.8125,3.7244408521970003e-09,-2.109130171635,3.3602118492129997e-06,0.0003102159826085,4.5262277126309994e-06,5440.618850708,84600.00000000001,1.098960638046e-07,-2.504227306685,8.195638656615999e-08,0.965559045467,245.53124999999997,0.1554114695344,-6.025250975888001e-09,3.62515100209e-10,258.0,2336.0,3.12,0.0,-3.0267983675000004e-09,0.0,85340.0
E02,2024-10-13 23:30:00,0.0001667265896685,2.899014361901e-12,0.0,14.0,71.8125,3.7244408521970003e-09,-2.109130171635,3.3602118492129997e-06,0.0003102159826085,4.5262277126309994e-06,5440.618850708,84600.00000000001,1.098960638046e-07,-2.504227306685,8.195638656615999e-08,0.965559045467,245.53124999999997,0.1554114695344,-6.025250975888001e-09,3.62515100209e-10,517.0,2336.0,3.12,0.0,-3.0267983675000004e-09,-4.423782229424e-09,85265.0
E02,2024-10-13 23:40:00,0.00016672961646690002,2.899014361901e-12,0.0,15.0,72.15625,3.723726536728e-09,-2.034969981216,3.3732503652569998e-06,0.0003102041082457,4.507601261139e-06,5440.618715286,85200.0,8.940696716309e-08,-2.504231040052,9.685754776001e-08,0.9655592063880001,246.0,0.1556367779365,-6.0195364521410005e-09,3.768014095769e-10,258.0,2336.0,3.12,0.0,-3.0267983675000004e-09,0.0,85900.0
E02,2024-10-13 23:40:00,0.000166728394106,2.899014361901e-12,0.0,15.0,72.15625,3.723726536728e-09,-2.034969981216,3.3732503652569998e-06,0.0003102041082457,4.507601261139e-06,5440.618715286,85200.0,8.940696716309e-08,-2.504231040052,9.685754776001e-08,0.9655592063880001,246.0,0.1556367779365,-6.0195364521410005e-09,3.768014095769e-10,513.0,2336.0,3.12,0.0,-3.0267983675000004e-09,-4.423782229424e-09,85864.0
E02,2024-10-13 23:40:00,0.000166728394106,2.8990143619e-12,0.0,15.0,72.15625,3.72372653673e-09,-2.03496998122,3.37325036526e-06,0.000310204108246,4.507601261139999e-06,5440.61871529,85200.0,8.94069671631e-08,-2.50423104005,9.685754776e-08,0.9655592063880001,246.0,0.155636777937,-6.01953645214e-09,3.76801409577e-10,516.0,2336.0,3.12,0.0,-3.0267983675000004e-09,-4.423782229420001e-09,85864.0
E03,2024-10-14 02:00:00,-0.00014672434190290002,-2.5295321393060003e-12,0.0,29.0,-159.375,3.215133923233e-09,0.15833778991880001,-7.450580596924e-06,0.000376928714104,5.286186933517e-06,5440.612052917,93600.0,-4.2840838432310007e-08,1.676273735575,-1.6205012798309999e-07,0.9619917475262,229.75,1.090159349261,-5.804527496155e-09,-3.9608792722350004e-10,513.0,2336.0,3.12,0.0,-4.656612873077e-10,-4.656612873077e-10,94263.99999999999
E02,2024-10-13 23:40:00,0.000166728394106,2.899014361901e-12,0.0,15.0,72.15625,3.723726536728e-09,-2.034969981216,3.3732503652569998e-06,0.0003102041082457,4.507601261139e-06,5440.618715286,85200.0,8.940696716309e-08,-2.504231040052,9.685754776001e-08,0.9655592063880001,246.0,0.1556367779365,-6.0195364521410005e-09,3.768014095769e-10,517.0,2336.0,3.12,0.0,-3.0267983675000004e-09,-4.423782229424e-09,85864.99999999999
E03,2024-10-14 02:00:00,-0.000146724341903,-2.52953213931e-12,0.0,29.0,-159.375,3.21513392323e-09,0.15833778991900002,-7.4505805969199995e-06,0.000376928714104,5.28618693352e-06,5440.61205292,93600.0,-4.284083843230001e-08,1.67627373558,-1.62050127983e-07,0.961991747526,229.75,1.09015934926,-5.804527496150001e-09,-3.96087927223e-10,516.0,2336.0,3.12,0.0,-4.65661287308e-10,-4.65661287308e-10,94263.99999999999
E03,2024-10-14 02:00:00,-0.00014672434190290002,-2.5295321393060003e-12,0.0,29.0,-159.375,3.215133923233e-09,0.15833778991880001,-7.450580596924e-06,0.000376928714104,5.286186933517e-06,5440.612052917,93600.0,-4.2840838432310007e-08,1.676273735575,-1.6205012798309999e-07,0.9619917475262,229.75,1.090159349261,-5.804527496155e-09,-3.9608792722350004e-10,517.0,2336.0,3.12,0.0,-4.656612873077e-10,-4.656612873077e-10,94263.99999999999
E03,2024-10-14 02:10:00,-0.0001467257388867,-2.515321284591e-12,0.0,30.0,-160.1875,3.21656255417e-09,0.2324225917796,-7.489696145057999e-06,0.00037702976260330003,5.332753062248e-06,5440.612354279,94200.0,-1.4901161193850002e-08,1.676270400122,-1.7508864402769998e-07,0.961991571976,228.8125,1.09046005061,-5.8127421240410005e-09,-4.125171829965e-10,258.0,2336.0,3.12,0.0,-4.656612873077e-10,0.0,94900.0
E03,2024-10-14 02:10:00,-0.0001467257970944,-2.515321284591e-12,0.0,30.0,-160.1875,3.21656255417e-09,0.2324225917796,-7.489696145057999e-06,0.00037702976260330003,5.332753062248e-06,5440.612354279,94200.0,-1.4901161193850002e-08,1.676270400122,-1.7508864402769998e-07,0.961991571976,228.8125,1.09046005061,-5.8127421240410005e-09,-4.125171829965e-10,513.0,2336.0,3.12,0.0,-4.656612873077e-10,-4.656612873077e-10,94864.0
E03,2024-10-14 02:10:00,-0.00014672579709400002,-2.51532128459e-12,0.0,30.0,-160.1875,3.21656255417e-09,0.23242259178000002,-7.48969614506e-06,0.00037702976260300003,5.33275306225e-06,5440.61235428,94200.0,-1.49011611938e-08,1.67627040012,-1.75088644028e-07,0.961991571976,228.8125,1.09046005061,-5.8127421240400004e-09,-4.1251718299600004e-10,516.0,2336.0,3.12,0.0,-4.65661287308e-10,-4.65661287308e-10,94864.0
E03,2024-10-14 02:10:00,-0.0001467257970944,-2.515321284591e-12,0.0,30.0,-160.1875,3.21656255417e-09,0.2324225917796,-7.489696145057999e-06,0.00037702976260330003,5.332753062248e-06,5440.612354279,94200.0,-1.4901161193850002e-08,1.676270400122,-1.7508864402769998e-07,0.961991571976,228.8125,1.09046005061,-5.8127421240410005e-09,-4.125171829965e-10,517.0,2336.0,3.12,0.0,-4.656612873077e-10,-4.656612873077e-10,94864.0
E03,2024-10-14 02:20:00,-0.0001467273104936,-2.5295321393060003e-12,0.0,31.0,-161.53125,3.217276869638e-09,0.30635649071470006,-7.554888725281e-06,0.00037715991493310005,5.386769771576e-06,5440.61277771,94800.0,1.4901161193850002e-08,1.676267067595,-1.8067657947539997e-07,0.9619913788708001,227.71875,1.090911687068,-5.822385382865e-09,-4.2894643876950004e-10,258.0,2336.0,3.12,0.0,-4.656612873077e-10,0.0,95500.0
E03,2024-10-14 02:20:00,-0.0001467273687012,-2.5295321393060003e-12,0.0,31.0,-161.53125,3.217276869638e-09,0.30635649071470006,-7.554888725281e-06,0.00037715991493310005,5.386769771576e-06,5440.61277771,94800.0,1.4901161193850002e-08,1.676267067595,-1.8067657947539997e-07,0.9619913788708001,227.71875,1.090911687068,-5.822385382865e-09,-4.2894643876950004e-10,513.0,2336.0,3.12,0.0,-4.656612873077e-10,-4.656612873077e-10,95464.0
E03,2024-10-14 02:20:00,-0.00014672736870100002,-2.52953213931e-12,0.0,31.0,-161.53125,3.21727686964e-09,0.30635649071500004,-7.554888725279999e-06,0.00037715991493300003,5.386769771579999e-06,5440.61277771,94800.0,1.49011611938e-08,1.67626706759,-1.80676579475e-07,0.9619913788710002,227.71875,1.09091168707,-5.822385382860001e-09,-4.28946438769e-10,516.0,2336.0,3.12,0.0,-4.65661287308e-10,-4.65661287308e-10,95464.0
E03,2024-10-14 02:20:00,-0.0001467273687012,-2.5295321393060003e-12,0.0,31.0,-161.53125,3.217276869638e-09,0.30635649071470006,-7.554888725281e-06,0.00037715991493310005,5.386769771576e-06,5440.61277771,94800.0,1.4901161193850002e-08,1.676267067595,-1.8067657947539997e-07,0.9619913788708001,227.71875,1.090911687068,-5.822385382865e-09,-4.2894643876950004e-10,517.0,2336.0,3.12,0.0,-4.656612873077e-10,-4.656612873077e-10,95464.0
E03,2024-10-14 02:30:00,-0.0001467288238928,-2.5295321393060003e-12,0.0,32.0,-163.40625,3.2176340273730003e-09,0.3801476936945,-7.642433047295e-06,0.000377303455025,5.438923835754e-06,5440.613304138,95399.99999999999,4.656612873077e-08,1.676263739456,-1.8067657947539997e-07,0.9619911667477,226.625,1.091506041425,-5.833814430359001e-09,-4.446613790741e-10,258.0,2336.0,3.12,0.0,-4.656612873077e-10,0.0,96100.0
E03,2024-10-14 02:30:00,-0.00014672888210040002,-2.5295321393060003e-12,0.0,32.0,-163.40625,3.2176340273730003e-09,0.3801476936945,-7.642433047295e-06,0.000377303455025,5.438923835754e-06,5440.613304138,95399.99999999999,4.656612873077e-08,1.676263739456,-1.8067657947539997e-07,0.9619911667477,226.625,1.091506041425,-5.833814430359001e-09,-4.446613790741e-10,513.0,2336.0,3.12,0.0,-4.656612873077e-10,-4.656612873077e-10,96064.0
E03,2024-10-14 02:30:00,-0.0001467288821,-2.52953213931e-12,0.0,32.0,-163.40625,3.21763402737e-09,0.38014769369400003,-7.64243304729e-06,0.000377303455025,5.438923835749999e-06,5440.61330414,95399.99999999999,4.6566128730800005e-08,1.67626373946,-1.80676579475e-07,0.9619911667480001,226.625,1.09150604142,-5.833814430360001e-09,-4.44661379074e-10,516.0,2336.0,3.12,0.0,-4.65661287308e-10,-4.65661287308e-10,96064.0
E03,2024-10-14 02:30:00,-0.00014672888210040002,-2.5295321393060003e-12,0.0,32.0,-163.40625,3.2176340273730003e-09,0.3801476936945,-7.642433047295e-06,0.000377303455025,5.438923835754e-06,5440.613304138,95399.99999999999,4.656612873077e-08,1.676263739456,-1.8067657947539997e-07,0.9619911667477,226.625,1.091506041425,-5.833814430359001e-09,-4.446613790741e-10,517.0,2336.0,3.12,0.0,-4.656612873077e-10,-4.656612873077e-10,96064.0
E03,2024-10-14 02:40:00,-0.00014673033729200002,-2.5295321393060003e-12,0.0,33.0,-165.71875,3.217991185107e-09,0.4538227658484,-7.748603820801e-06,0.0003774475771934,5.479902029037e-06,5440.613904952999,96000.0,7.82310962677e-08,1.676260411317,-1.7136335372919998e-07,0.9619909326807999,225.71875,1.092216536849,-5.846672108790001e-09,-4.600191616446e-10,258.0,2336.0,3.12,0.0,-4.656612873077e-10,0.0,96700.0
E03,2024-10-14 02:40:00,-0.0001467304537073,-2.5295321393060003e-12,0.0,33.0,-165.71875,3.217991185107e-09,0.4538227658484,-7.748603820801e-06,0.0003774475771934,5.479902029037e-06,5440.613904952999,96000.0,7.82310962677e-08,1.676260411317,-1.7136335372919998e-07,0.9619909326807999,225.71875,1.092216536849,-5.846672108790001e-09,-4.600191616446e-10,513.0,2336.0,3.12,0.0,-4.656612873077e-10,-4.656612873077e-10,96664.0
E03,2024-10-14 02:40:00,-0.000146730453707,-2.52953213931e-12,0.0,33.0,-165.71875,3.21799118511e-09,0.4538227658480001,-7.748603820799999e-06,0.00037744757719300004,5.47990202904e-06,5440.61390495,96000.0,7.82310962677e-08,1.67626041132,-1.71363353729e-07,0.961990932681,225.71875,1.09221653685,-5.846672108790001e-09,-4.6001916164500003e-10,516.0,2336.0,3.12,0.0,-4.65661287308e-10,-4.65661287308e-10,96664.0
E03,2024-10-14 02:40:00,-0.0001467304537073,-2.5295321393060003e-12,0.0,33.0,-165.71875,3.217991185107e-09,0.4538227658484,-7.748603820801e-06,0.0003774475771934,5.479902029037e-06,5440.613904952999,96000.0,7.82310962677e-08,1.676260411317,-1.7136335372919998e-07,0.9619909326807999,225.71875,1.092216536849,-5.846672108790001e-09,-4.600191616446e-10,517.0,2336.0,3.12,0.0,-4.656612873077e-10,-4.656612873077e-10,96664.0
E03,2024-10-14 02:50:00,-0.0001467317924835,-2.5295321393060003e-12,0.0,34.0,-168.3125,3.2176340273730003e-09,0.5274135431996,-7.869675755501e-06,0.00037757959216830003,5.505979061127e-06,5440.614553452,96600.0,1.0617077350619998e-07,1.676257080253,-1.5832483768459998e-07,0.9619906781331,225.15625,1.093011322686,-5.860958418158e-09,-4.743054710124001e-10,258.0,2336.0,3.12,0.0,-4.656612873077e-10,0.0,97300.0
E03,2024-10-14 02:50:00,-0.0001467319088988,-2.5295321393060003e-12,0.0,34.0,-168.3125,3.2176340273730003e-09,0.5274135431996,-7.869675755501e-06,0.00037757959216830003,5.505979061127e-06,5440.614553452,96600.0,1.0617077350619998e-07,1.676257080253,-1.5832483768459998e-07,0.9619906781331,225.15625,1.093011322686,-5.860958418158e-09,-4.743054710124001e-10,513.0,2336.0,3.12,0.0,-4.656612873077e-10,-4.656612873077e-10,97264.0
E03,2024-10-14 02:50:00,-0.00014673190889900002,-2.52953213931e-12,0.0,34.0,-168.3125,3.21763402737e-09,0.5274135432,-7.8696757555e-06,0.00037757959216800003,5.50597906113e-06,5440.614553449999,96600.0,1.0617077350599999e-07,1.67625708025,-1.58324837685e-07,0.9619906781330001,225.15625,1.09301132269,-5.86095841816e-09,-4.74305471012e-10,516.0,2336.0,3.12,0.0,-4.65661287308e-10,-4.65661287308e-10,97264.0
E03,2024-10-14 02:50:00,-0.0001467319088988,-2.5295321393060003e-12,0.0,34.0,-168.3125,3.2176340273730003e-09,0.5274135431996,-7.869675755501e-06,0.00037757959216830003,5.505979061127e-06,5440.614553452,96600.0,1.0617077350619998e-07,1.676257080253,-1.5832483768459998e-07,0.9619906781331,225.15625,1.093011322686,-5.860958418158e-09,-4.743054710124001e-10,517.0,2336.0,3.119999885559,0.0,-4.656612873077e-10,-4.656612873077e-10,97264.0
E03,2024-10-14 03:00:00,-0.000146733247675,-2.5295321393060003e-12,0.0,35.0,-171.0625,3.217991185107e-09,0.6009625703318,-7.99261033535e-06,0.0003776906523854,5.513429641724e-06,5440.615215302,97200.0,1.303851604462e-07,1.676253741874,-1.3783574104309998e-07,0.9619904031045,225.0,1.093847838262,-5.875959042994e-09,-4.875203071777e-10,258.0,2336.0,3.12,0.0,-4.656612873077e-10,0.0,97899.99999999999
E03,2024-10-14 03:00:00,-0.0001467333640903,-2.5295321393060003e-12,0.0,35.0,-171.0625,3.217991185107e-09,0.6009625703318,-7.99261033535e-06,0.0003776906523854,5.513429641724e-06,5440.615215302,97200.0,1.303851604462e-07,1.676253741874,-1.3783574104309998e-07,0.9619904031045,225.0,1.093847838262,-5.875959042994e-09,-4.875203071777e-10,513.0,2336.0,3.12,0.0,-4.656612873077e-10,-4.656612873077e-10,97864.0
E03,2024-10-14 03:00:00,-0.00014673336409,-2.52953213931e-12,0.0,35.0,-171.0625,3.21799118511e-09,0.6009625703320001,-7.99261033535e-06,0.00037769065238500005,5.51342964172e-06,5440.6152153,97200.0,1.30385160446e-07,1.67625374187,-1.37835741043e-07,0.9619904031040001,225.0,1.09384783826,-5.87595904299e-09,-4.87520307178e-10,516.0,2336.0,3.12,0.0,-4.65661287308e-10,-4.65661287308e-10,97864.0
E03,2024-10-14 03:00:00,-0.0001467333640903,-2.5295321393060003e-12,0.0,35.0,-171.0625,3.217991185107e-09,0.6009625703318,-7.99261033535e-06,0.0003776906523854,5.513429641724e-06,5440.615215302,97200.0,1.303851604462e-07,1.676253741874,-1.3783574104309998e-07,0.9619904031045,225.0,1.093847838262,-5.875959042994e-09,-4.875203071777e-10,517.0,2336.0,3.119999885559,0.0,-4.656612873077e-10,-4.656612873077e-10,97864.0
E03,2024-10-14 03:10:00,-0.0001467347028665,-2.5295321393060003e-12,0.0,36.0,-173.6875,3.2187055005750003e-09,0.6745204481184001,-8.111819624901e-06,0.00037777388934050004,5.500391125679e-06,5440.615854263,97800.0,1.471489667892e-07,1.676250390328,-1.1362135410309999e-07,0.9619901075950001,225.28125,1.094675472462,-5.891673983299001e-09,-4.993065124061e-10,258.0,2336.0,3.119999885559,0.0,-4.656612873077e-10,0.0,98500.0
E03,2024-10-14 03:10:00,-0.00014673481928200002,-2.52953213931e-12,0.0,36.0,-173.6875,3.21870550058e-09,0.674520448118,-8.1118196249e-06,0.00037777388934,5.50039112568e-06,5440.61585426,97800.0,1.47148966789e-07,1.67625039033,-1.13621354103e-07,0.9619901075950001,225.28125,1.09467547246,-5.8916739832999996e-09,-4.993065124060001e-10,513.0,2336.0,3.12,0.0,-4.65661287308e-10,-4.65661287308e-10,98485.0
E03,2024-10-14 03:10:00,-0.00014673481928200002,-2.52953213931e-12,0.0,36.0,-173.6875,3.21870550058e-09,0.674520448118,-8.1118196249e-06,0.00037777388934,5.50039112568e-06,5440.61585426,97800.0,1.47148966789e-07,1.67625039033,-1.13621354103e-07,0.9619901075950001,225.28125,1.09467547246,-5.8916739832999996e-09,-4.993065124060001e-10,516.0,2336.0,3.12,0.0,-4.65661287308e-10,-4.65661287308e-10,98463.99999999999
E03,2024-10-14 03:10:00,-0.00014673481928180002,-2.5295321393060003e-12,0.0,36.0,-173.6875,3.2187055005750003e-09,0.6745204481184001,-8.111819624901e-06,0.00037777388934050004,5.500391125679e-06,5440.615854263,97800.0,1.471489667892e-07,1.676250390328,-1.1362135410309999e-07,0.9619901075950001,225.28125,1.094675472462,-5.891673983299001e-09,-4.993065124061e-10,517.0,2336.0,3.119999885559,0.0,-4.656612873077e-10,-4.656612873077e-10,98463.99999999999
E03,2024-10-14 03:20:00,-0.0001467362162657,-2.5295321393060003e-12,0.0,37.0,-176.0,3.220491289246e-09,0.7481382192341001,-8.217990398407e-06,0.00037782697472720005,5.472451448441e-06,5440.616436005,98400.0,1.5832483768459998e-07,1.676247019765,-8.754432201386001e-08,0.9619897916047,225.875,1.095443169445,-5.908103239072001e-09,-5.096640866978001e-10,258.0,2336.0,3.119999885559,0.0,-4.656612873077e-10,0.0,99100.0
E03,2024-10-14 03:20:00,-0.000146736274473,-2.52953213931e-12,0.0,37.0,-176.0,3.22049128925e-09,0.748138219234,-8.21799039841e-06,0.000377826974727,5.47245144844e-06,5440.616436,98400.0,1.58324837685e-07,1.67624701977,-8.754432201389999e-08,0.9619897916050001,225.875,1.09544316945,-5.90810323907e-09,-5.096640866979999e-10,513.0,2336.0,3.12,0.0,-4.65661287308e-10,-4.65661287308e-10,99085.0
E03,2024-10-14 03:20:00,-0.000146736274473,-2.52953213931e-12,0.0,37.0,-176.0,3.22049128925e-09,0.748138219234,-8.21799039841e-06,0.000377826974727,5.47245144844e-06,5440.616436,98400.0,1.58324837685e-07,1.67624701977,-8.754432201389999e-08,0.9619897916050001,225.875,1.09544316945,-5.90810323907e-09,-5.096640866979999e-10,516.0,2336.0,3.12,0.0,-4.65661287308e-10,-4.65661287308e-10,99064.0
E03,2024-10-14 03:20:00,-0.00014673627447340002,-2.5295321393060003e-12,0.0,37.0,-176.0,3.220491289246e-09,0.7481382192341001,-8.217990398407e-06,0.00037782697472720005,5.472451448441e-06,5440.616436005,98400.0,1.5832483768459998e-07,1.676247019765,-8.754432201386001e-08,0.9619897916047,225.875,1.095443169445,-5.908103239072001e-09,-5.096640866978001e-10,517.0,2336.0,3.119999885559,0.0,-4.656612873077e-10,-4.656612873077e-10,99064.0
E03,2024-10-14 03:30:00,-0.0001467376714572,-2.5295321393060003e-12,0.0,38.0,-177.84375,3.22334855112e-09,0.8218676241654,-8.301809430122001e-06,0.0003778521204367,5.433335900307e-06,5440.616926193,99000.0,1.639127731323e-07,1.67624363311,-6.146728992462001e-08,0.9619894595223001,226.71875,1.096099177022,-5.923818179376001e-09,-5.182358723185e-10,258.0,2336.0,3.119999885559,0.0,-4.656612873077e-10,0.0,99700.0
E03,2024-10-14 03:30:00,-0.000146737729665,-2.52953213931e-12,0.0,38.0,-177.84375,3.22334855112e-09,0.821867624165,-8.30180943012e-06,0.000377852120437,5.43333590031e-06,5440.6169261899995,99000.0,1.63912773132e-07,1.67624363311,-6.14672899246e-08,0.961989459522,226.71875,1.09609917702,-5.923818179380001e-09,-5.18235872319e-10,513.0,2336.0,3.12,0.0,-4.65661287308e-10,-4.65661287308e-10,99685.0
E03,2024-10-14 03:30:00,-0.000146737729665,-2.52953213931e-12,0.0,38.0,-177.84375,3.22334855112e-09,0.821867624165,-8.30180943012e-06,0.000377852120437,5.43333590031e-06,5440.6169261899995,99000.0,1.63912773132e-07,1.67624363311,-6.14672899246e-08,0.961989459522,226.71875,1.09609917702,-5.923818179380001e-09,-5.18235872319e-10,516.0,2336.0,3.12,0.0,-4.65661287308e-10,-4.65661287308e-10,99664.0
E03,2024-10-14 03:30:00,-0.0001467377296649,-2.5295321393060003e-12,0.0,38.0,-177.84375,3.22334855112e-09,0.8218676241654,-8.301809430122001e-06,0.0003778521204367,5.433335900307e-06,5440.616926193,99000.0,1.639127731323e-07,1.67624363311,-6.146728992462001e-08,0.9619894595223001,226.71875,1.096099177022,-5.923818179376001e-09,-5.182358723185e-10,517.0,2336.0,3.119999885559,0.0,-4.656612873077e-10,-4.656612873077e-10,99664.0
E03,2024-10-14 03:40:00,-0.00014673906844110002,-2.515321284591e-12,0.0,39.0,-179.125,3.2272772861960004e-09,0.8957563218577,-8.359551429749001e-06,0.0003778543323278,5.394220352173e-06,5440.617296219,99600.00000000001,1.639127731323e-07,1.676240223048,-3.5390257835390003e-08,0.9619891157366001,227.56249999999997,1.096595834784,-5.939533119681001e-09,-5.253790270024e-10,258.0,2336.0,3.119999885559,0.0,-4.656612873077e-10,0.0,100299.99999999999
E03,2024-10-14 03:40:00,-0.000146739126649,-2.51532128459e-12,0.0,39.0,-179.125,3.2272772862000003e-09,0.8957563218580001,-8.35955142975e-06,0.00037785433232800003,5.39422035217e-06,5440.61729622,99600.00000000001,1.63912773132e-07,1.67624022305,-3.53902578354e-08,0.9619891157370001,227.56249999999997,1.09659583478,-5.9395331196800005e-09,-5.25379027002e-10,513.0,2336.0,3.12,0.0,-4.65661287308e-10,-4.65661287308e-10,100285.0
E03,2024-10-14 03:40:00,-0.000146739126649,-2.51532128459e-12,0.0,39.0,-179.125,3.2272772862000003e-09,0.8957563218580001,-8.35955142975e-06,0.00037785433232800003,5.39422035217e-06,5440.61729622,99600.00000000001,1.63912773132e-07,1.67624022305,-3.53902578354e-08,0.9619891157370001,227.56249999999997,1.09659583478,-5.9395331196800005e-09,-5.25379027002e-10,516.0,2336.0,3.12,0.0,-4.65661287308e-10,-4.65661287308e-10,100264.0
E03,2024-10-14 03:40:00,-0.00014673912664880001,-2.515321284591e-12,0.0,39.0,-179.125,3.2272772861960004e-09,0.8957563218577,-8.359551429749001e-06,0.0003778543323278,5.394220352173e-06,5440.617296219,99600.00000000001,1.639127731323e-07,1.676240223048,-3.5390257835390003e-08,0.9619891157366001,227.56249999999997,1.096595834784,-5.939533119681001e-09,-5.253790270024e-10,517.0,2336.0,3.119999885559,0.0,-4.656612873077e-10,-4.656612873077e-10,100264.0
E03,2024-10-14 03:50:00,-0.0001467404072173,-2.5011104298759998e-12,0.0,40.0,-179.8125,3.2329918099430002e-09,0.9698407345823,-8.391216397284999e-06,0.00037784478627150007,5.362555384636e-06,5440.617521286,100200.0,1.5832483768459998e-07,1.676236789579,-1.3038516044620001e-08,0.9619887587846,228.21875,1.096896714608,-5.9541765867830004e-09,-5.310935507496e-10,258.0,2336.0,3.119999885559,0.0,-4.656612873077e-10,0.0,100899.99999999999
E03,2024-10-14 03:50:00,-0.00014674046542500002,-2.50111042988e-12,0.0,40.0,-179.8125,3.2329918099400005e-09,0.969840734582,-8.39121639729e-06,0.00037784478627100003,5.36255538464e-06,5440.61752129,100200.0,1.58324837685e-07,1.67623678958,-1.30385160446e-08,0.961988758785,228.21875,1.09689671461,-5.95417658678e-09,-5.3109355075e-10,513.0,2336.0,3.12,0.0,-4.65661287308e-10,-4.65661287308e-10,100885.0
E03,2024-10-14 03:50:00,-0.00014674046542500002,-2.50111042988e-12,0.0,40.0,-179.8125,3.2329918099400005e-09,0.969840734582,-8.39121639729e-06,0.00037784478627100003,5.36255538464e-06,5440.61752129,100200.0,1.58324837685e-07,1.67623678958,-1.30385160446e-08,0.961988758785,228.21875,1.09689671461,-5.95417658678e-09,-5.3109355075e-10,516.0,2336.0,3.12,0.0,-4.65661287308e-10,-4.65661287308e-10,100864.0
E03,2024-10-14 03:50:00,-0.00014674046542500002,-2.5011104298759998e-12,0.0,40.0,-179.8125,3.2329918099430002e-09,0.9698407345823,-8.391216397284999e-06,0.00037784478627150007,5.362555384636e-06,5440.617521286,100200.0,1.5832483768459998e-07,1.676236789579,-1.3038516044620001e-08,0.9619887587846,228.21875,1.096896714608,-5.9541765867830004e-09,-5.310935507496e-10,517.0,2336.0,3.119999885559,0.0,-4.656612873077e-10,-4.656612873077e-10,100864.0
E03,2024-10-14 04:00:00,-0.0001467416877858,-2.472688720445e-12,0.0,41.0,-179.90625,3.2404921223610003e-09,1.044143539032,-8.396804332733e-06,0.0003778351237997,5.347654223442e-06,5440.617588043,100800.0,1.4901161193850001e-07,1.676233326852,3.725290298462e-09,0.9619883959809,228.46875,1.096979135413,-5.967391422948001e-09,-5.350222858257001e-10,258.0,2336.0,3.119999885559,0.0,-4.656612873077e-10,0.0,101499.99999999999
E03,2024-10-14 04:00:00,-0.00014674174599300002,-2.4868995751599997e-12,0.0,41.0,-179.90625,3.2404921223600002e-09,1.04414353903,-8.39680433273e-06,0.0003778351238,5.34765422344e-06,5440.617588040001,100800.0,1.49011611938e-07,1.67623332685,3.7252902984600004e-09,0.961988395981,228.46875,1.09697913541,-5.96739142295e-09,-5.35022285826e-10,513.0,2336.0,3.12,0.0,-4.65661287308e-10,-4.65661287308e-10,101485.0
E03,2024-10-14 04:00:00,-0.00014674174599300002,-2.4868995751599997e-12,0.0,41.0,-179.90625,3.2404921223600002e-09,1.04414353903,-8.39680433273e-06,0.0003778351238,5.34765422344e-06,5440.617588040001,100800.0,1.49011611938e-07,1.67623332685,3.7252902984600004e-09,0.961988395981,228.46875,1.09697913541,-5.96739142295e-09,-5.35022285826e-10,516.0,2336.0,3.12,0.0,-4.65661287308e-10,-4.65661287308e-10,101464.0
E03,2024-10-14 04:00:00,-0.0001467417459935,-2.4868995751599997e-12,0.0,41.0,-179.90625,3.2404921223610003e-09,1.044143539032,-8.396804332733e-06,0.0003778351237997,5.347654223442e-06,5440.617588043,100800.0,1.4901161193850001e-07,1.676233326852,3.725290298462e-09,0.9619883959809,228.46875,1.096979135413,-5.967391422948001e-09,-5.350222858257001e-10,517.0,2336.0,3.119999885559,0.0,-4.656612873077e-10,-4.656612873077e-10,101464.0
E03,2024-10-14 04:10:00,-0.0001467431429774,-2.472688720445e-12,0.0,42.0,-179.59375,3.24977822345e-09,1.118666025502,-8.385628461837999e-06,0.0003778375685215,5.3569674491879995e-06,5440.617485046,101400.0,1.359730958939e-07,1.676229837792,1.6763806343080003e-08,0.9619880302514,228.1875,1.096841815681,-5.979534785911001e-09,-5.378795476993e-10,258.0,2336.0,3.119999885559,0.0,-4.656612873077e-10,0.0,102099.99999999999
E03,2024-10-14 04:10:00,-0.000146743201185,-2.47268872045e-12,0.0,42.0,-179.59375,3.24977822345e-09,1.1186660255,-8.38562846184e-06,0.00037783756852100003,5.356967449189999e-06,5440.61748505,101400.0,1.35973095894e-07,1.67622983779,1.67638063431e-08,0.961988030251,228.1875,1.09684181568,-5.979534785910001e-09,-5.37879547699e-10,513.0,2336.0,3.12,0.0,-4.65661287308e-10,-4.65661287308e-10,102085.0
E03,2024-10-14 04:10:00,-0.000146743201185,-2.47268872045e-12,0.0,42.0,-179.59375,3.24977822345e-09,1.1186660255,-8.38562846184e-06,0.00037783756852100003,5.356967449189999e-06,5440.61748505,101400.0,1.35973095894e-07,1.67622983779,1.67638063431e-08,0.961988030251,228.1875,1.09684181568,-5.979534785910001e-09,-5.37879547699e-10,516.0,2336.0,3.12,0.0,-4.65661287308e-10,-4.65661287308e-10,102064.0
E03,2024-10-14 04:10:00,-0.000146743201185,-2.472688720445e-12,0.0,42.0,-179.59375,3.24977822345e-09,1.118666025502,-8.385628461837999e-06,0.0003778375685215,5.3569674491879995e-06,5440.617485046,101400.0,1.359730958939e-07,1.676229837792,1.6763806343080003e-08,0.9619880302514,228.1875,1.096841815681,-5.979534785911001e-09,-5.378795476993e-10,517.0,2336.0,3.119999885559,0.0,-4.656612873077e-10,-4.656612873077e-10,102064.0
E03,2024-10-14 04:20:00,-0.00014674453996120002,-2.472688720445e-12,0.0,43.0,-179.03125,3.260492955476e-09,1.193402961132,-8.361414074898e-06,0.0003778657410294,5.394220352173e-06,5440.617218018,102000.0,1.2479722499849998e-07,1.6762263224,2.607703208923e-08,0.9619876630588999,227.21874999999997,1.096489999975,-5.989535202468e-09,-5.396653363703e-10,258.0,2336.0,3.119999885559,0.0,-4.656612873077e-10,0.0,102699.99999999999
E03,2024-10-14 04:20:00,-0.000146744656377,-2.47268872045e-12,0.0,43.0,-179.03125,3.2604929554800003e-09,1.19340296113,-8.3614140749e-06,0.000377865741029,5.39422035217e-06,5440.61721802,102000.0,1.24797224998e-07,1.6762263224,2.60770320892e-08,0.961987663059,227.21874999999997,1.09648999998,-5.98953520247e-09,-5.3966533637e-10,513.0,2336.0,3.12,0.0,-4.65661287308e-10,-4.65661287308e-10,102685.0
E03,2024-10-14 04:20:00,-0.000146744656377,-2.47268872045e-12,0.0,43.0,-179.03125,3.2604929554800003e-09,1.19340296113,-8.3614140749e-06,0.000377865741029,5.39422035217e-06,5440.61721802,102000.0,1.24797224998e-07,1.6762263224,2.60770320892e-08,0.961987663059,227.21874999999997,1.09648999998,-5.98953520247e-09,-5.3966533637e-10,516.0,2336.0,3.12,0.0,-4.65661287308e-10,-4.65661287308e-10,102664.0
E03,2024-10-14 04:20:00,-0.0001467446563765,-2.472688720445e-12,0.0,43.0,-179.03125,3.260492955476e-09,1.193402961132,-8.361414074898e-06,0.0003778657410294,5.394220352173e-06,5440.617218018,102000.0,1.2479722499849998e-07,1.6762263224,2.607703208923e-08,0.9619876630588999,227.21874999999997,1.096489999975,-5.989535202468e-09,-5.396653363703e-10,517.0,2336.0,3.119999885559,0.0,-4.656612873077e-10,-4.656612873077e-10,102664.0
E03,2024-10-14 04:30:00,-0.00014674605336,-2.45847786573e-12,0.0,44.0,-178.46875,3.2726363184400004e-09,1.26832328378,-8.33906233311e-06,0.00037793011870200006,5.4594129324e-06,5440.61680031,102600.0,1.13621354103e-07,1.67622277921,2.9802322387700004e-08,0.961987300255,225.56250000000003,1.09595475482,-5.99774983035e-09,-5.407368095730001e-10,258.0,2336.0,3.12,0.0,-4.65661287308e-10,0.0,103319.99999999999
E03,2024-10-14 04:30:00,-0.00014674622798300003,-2.47268872045e-12,0.0,44.0,-178.46875,3.2726363184400004e-09,1.26832328378,-8.33906233311e-06,0.00037793011870200006,5.4594129324e-06,5440.61680031,102600.0,1.13621354103e-07,1.67622277921,2.9802322387700004e-08,0.961987300255,225.56250000000003,1.09595475482,-5.99774983035e-09,-5.407368095730001e-10,513.0,2336.0,3.12,0.0,-4.65661287308e-10,-4.65661287308e-10,103285.0
E03,2024-10-14 04:30:00,-0.00014674622798300003,-2.47268872045e-12,0.0,44.0,-178.46875,3.2726363184400004e-09,1.26832328378,-8.33906233311e-06,0.00037793011870200006,5.4594129324e-06,5440.61680031,102600.0,1.13621354103e-07,1.67622277921,2.9802322387700004e-08,0.961987300255,225.56250000000003,1.09595475482,-5.99774983035e-09,-5.407368095730001e-10,516.0,2336.0,3.12,0.0,-4.65661287308e-10,-4.65661287308e-10,103264.0
E03,2024-10-14 04:30:00,-0.00014674622798340002,-2.472688720445e-12,0.0,44.0,-178.46875,3.2726363184390003e-09,1.268323283784,-8.339062333107e-06,0.0003779301187024,5.4594129323959994e-06,5440.616800308,102600.0,1.1362135410309999e-07,1.676222779213,2.9802322387700004e-08,0.9619873002552,225.56250000000003,1.095954754823,-5.997749830355e-09,-5.407368095729e-10,517.0,2336.0,3.12,0.0,-4.656612873077e-10,-4.656612873077e-10,103265.0
E03,2024-10-14 05:00:00,-0.000146751001012,-2.4868995751599997e-12,0.0,47.0,-178.46875,3.31406661561e-09,1.49374906023,-8.33906233311e-06,0.00037837529089300003,5.7741999626199995e-06,5440.61488914,104400.0,9.49949026108e-08,1.67621203554,2.9802322387700004e-08,0.961986258658,217.625,1.09368414651,-6.01060750879e-09,-5.407368095730001e-10,258.0,2336.0,3.12,0.0,-4.65661287308e-10,0.0,105270.0
E03,2024-10-14 05:00:00,-0.00014675105921900002,-2.4868995751599997e-12,0.0,47.0,-178.46875,3.31406661561e-09,1.49374906023,-8.33906233311e-06,0.00037837529089300003,5.7741999626199995e-06,5440.61488914,104400.0,9.49949026108e-08,1.67621203554,2.9802322387700004e-08,0.961986258658,217.625,1.09368414651,-6.01060750879e-09,-5.407368095730001e-10,513.0,2336.0,3.12,0.0,-4.65661287308e-10,-4.65661287308e-10,105234.99999999999
E03,2024-10-14 05:00:00,-0.00014675105921900002,-2.4868995751599997e-12,0.0,47.0,-178.46875,3.31406661561e-09,1.49374906023,-8.33906233311e-06,0.00037837529089300003,5.7741999626199995e-06,5440.61488914,104400.0,9.49949026108e-08,1.67621203554,2.9802322387700004e-08,0.961986258658,217.625,1.09368414651,-6.01060750879e-09,-5.407368095730001e-10,516.0,2336.0,3.12,0.0,-4.65661287308e-10,-4.65661287308e-10,105214.00000000001
E03,2024-10-14 05:00:00,-0.0001467510592192,-2.4868995751599997e-12,0.0,47.0,-178.46875,3.314066615605e-09,1.493749060233,-8.339062333107e-06,0.00037837529089300003,5.774199962615999e-06,5440.614889145,104400.0,9.499490261078e-08,1.676212035542,2.9802322387700004e-08,0.9619862586576,217.625,1.093684146506,-6.0106075087860004e-09,-5.407368095729e-10,517.0,2336.0,3.12,0.0,-4.656612873077e-10,-4.656612873077e-10,105214.99999999999
E03,2024-10-14 05:10:00,-0.00014675257261800002,-2.4868995751599997e-12,0.0,48.0,-179.40625,3.3279957672400003e-09,1.56892653316,-8.374452590940001e-06,0.00037859415169800003,5.88782131672e-06,5440.614156719999,105000.0,9.49949026108e-08,1.67620843091,2.9802322387700004e-08,0.9619859309640001,214.71874999999997,1.09289176424,-6.011321824250001e-09,-5.403796518390001e-10,258.0,2336.0,3.12,0.0,-4.65661287308e-10,0.0,105719.99999999999
E03,2024-10-14 05:10:00,-0.00014675268903400002,-2.4868995751599997e-12,0.0,48.0,-179.40625,3.3279957672400003e-09,1.56892653316,-8.374452590940001e-06,0.00037859415169800003,5.88782131672e-06,5440.614156719999,105000.0,9.49949026108e-08,1.67620843091,2.9802322387700004e-08,0.9619859309640001,214.71874999999997,1.09289176424,-6.011321824250001e-09,-5.403796518390001e-10,513.0,2336.0,3.12,0.0,-4.65661287308e-10,-4.65661287308e-10,105685.0
E03,2024-10-14 05:10:00,-0.00014675268903400002,-2.4868995751599997e-12,0.0,48.0,-179.40625,3.3279957672400003e-09,1.56892653316,-8.374452590940001e-06,0.00037859415169800003,5.88782131672e-06,5440.614156719999,105000.0,9.49949026108e-08,1.67620843091,2.9802322387700004e-08,0.9619859309640001,214.71874999999997,1.09289176424,-6.011321824250001e-09,-5.403796518390001e-10,516.0,2336.0,3.12,0.0,-4.65661287308e-10,-4.65661287308e-10,105664.0
E03,2024-10-14 05:10:00,-0.00014675268903370002,-2.4868995751599997e-12,0.0,48.0,-179.40625,3.3279957672390002e-09,1.568926533162,-8.374452590941998e-06,0.00037859415169810005,5.887821316719e-06,5440.614156723,105000.0,9.499490261078e-08,1.676208430912,2.9802322387700004e-08,0.9619859309639001,214.71874999999997,1.092891764243,-6.011321824254e-09,-5.403796518387e-10,517.0,2336.0,3.12,0.0,-4.656612873077e-10,-4.656612873077e-10,105665.00000000001
E03,2024-10-14 05:20:00,-0.000146754144225,-2.4868995751599997e-12,0.0,49.0,-180.71875,3.3408534456700002e-09,1.64403021797,-8.426606655120001e-06,0.00037882907781700004,5.98840415478e-06,5440.613449099999,105600.0,9.685754776e-08,1.67620482189,2.9802322387700004e-08,0.961985612048,212.0625,1.09217321692,-6.01025035105e-09,-5.407368095730001e-10,258.0,2336.0,3.12,0.0,-4.65661287308e-10,0.0,106319.99999999999
E03,2024-10-14 05:20:00,-0.000146754202433,-2.4868995751599997e-12,0.0,49.0,-180.71875,3.3408534456700002e-09,1.64403021797,-8.426606655120001e-06,0.00037882907781700004,5.98840415478e-06,5440.613449099999,105600.0,9.685754776e-08,1.67620482189,2.9802322387700004e-08,0.961985612048,212.0625,1.09217321692,-6.01025035105e-09,-5.407368095730001e-10,513.0,2336.0,3.12,0.0,-4.65661287308e-10,-4.65661287308e-10,106285.0
E03,2024-10-14 05:20:00,-0.000146754202433,-2.4868995751599997e-12,0.0,49.0,-180.71875,3.3408534456700002e-09,1.64403021797,-8.426606655120001e-06,0.00037882907781700004,5.98840415478e-06,5440.613449099999,105600.0,9.685754776e-08,1.67620482189,2.9802322387700004e-08,0.961985612048,212.0625,1.09217321692,-6.01025035105e-09,-5.407368095730001e-10,516.0,2336.0,3.12,0.0,-4.65661287308e-10,-4.65661287308e-10,106264.0
E13,2024-10-14 13:10:00,-2.5739253033e-05,-2.98427949019e-13,0.0,96.0,68.09375,2.2093777437400003e-09,2.29292313551,2.9429793357799997e-06,0.00022066547535400002,1.4699995517700001e-05,5440.61288643,133800.0,-9.31322574615e-09,-0.413645951751,5.02914190292e-08,1.00036394538,48.625,-1.82235356228,-5.12735643212e-09,1.4893477516000001e-10,513.0,2336.0,3.12,0.0,2.3283064365400003e-09,2.79396772385e-09,134485.0
E36,2024-10-14 23:00:00,-0.0002970893401653,-5.229594535194e-12,0.0,28.0,33.78125,2.157232714544e-09,2.672237074155,1.607462763786e-06,0.0001904759556055,1.4733523130420002e-05,5440.605413437,169200.0,-9.685754776001e-08,-0.41382975131590005,1.6763806343080003e-08,1.000370903018,44.96875,-1.731952482521,-5.044138680051e-09,-1.117903708034e-10,517.0,2336.0,3.12,0.0,3.259629011154e-09,4.19095158577e-09,169864.0
E13,2024-10-14 13:10:00,-2.5739253033e-05,-2.98427949019e-13,0.0,96.0,68.09375,2.2093777437400003e-09,2.29292313551,2.9429793357799997e-06,0.00022066547535400002,1.4699995517700001e-05,5440.61288643,133800.0,-9.31322574615e-09,-0.413645951751,5.02914190292e-08,1.00036394538,48.625,-1.82235356228,-5.12735643212e-09,1.4893477516000001e-10,516.0,2336.0,3.12,0.0,2.3283064365400003e-09,2.79396772385e-09,134464.0
E13,2024-10-14 13:10:00,-2.573925303295e-05,-2.9842794901919997e-13,0.0,96.0,68.09375,2.209377743737e-09,2.292923135509,2.9429793357849998e-06,0.00022066547535360003,1.4699995517730001e-05,5440.612886429,133800.0,-9.313225746155e-09,-0.4136459517514,5.0291419029239996e-08,1.000363945379,48.625,-1.822353562283,-5.127356432119e-09,1.4893477515980002e-10,517.0,2336.0,3.12,0.0,2.3283064365390003e-09,2.793967723846e-09,134465.0
E03,2024-10-14 06:00:00,-0.000146760372445,-2.4868995751599997e-12,0.0,53.0,-186.0,3.3729976417500003e-09,1.94306684446,-8.6035579443e-06,0.000379518023692,6.15417957306e-06,5440.6116848,108000.0,1.04308128357e-07,1.67619038728,5.2154064178499997e-08,0.961984413918,207.03125,1.09067789667,-5.9948925684800004e-09,-5.460941755860001e-10,513.0,2336.0,3.12,0.0,-4.65661287308e-10,-4.65661287308e-10,108685.00000000001
E03,2024-10-14 06:00:00,-0.000146760372445,-2.4868995751599997e-12,0.0,53.0,-186.0,3.3729976417500003e-09,1.94306684446,-8.6035579443e-06,0.000379518023692,6.15417957306e-06,5440.6116848,108000.0,1.04308128357e-07,1.67619038728,5.2154064178499997e-08,0.961984413918,207.03125,1.09067789667,-5.9948925684800004e-09,-5.460941755860001e-10,516.0,2336.0,3.12,0.0,-4.65661287308e-10,-4.65661287308e-10,108664.0
E03,2024-10-14 06:00:00,-0.000146760372445,-2.4868995751599997e-12,0.0,53.0,-186.0,3.3729976417480002e-09,1.943066844465,-8.603557944298e-06,0.0003795180236921,6.154179573059e-06,5440.611684799001,108000.0,1.0430812835689999e-07,1.676190387281,5.2154064178470006e-08,0.9619844139179,207.03125,1.090677896667,-5.9948925684810005e-09,-5.460941755858e-10,517.0,2336.0,3.12,0.0,-4.656612873077e-10,-4.656612873077e-10,108664.99999999999
E03,2024-10-14 06:10:00,-0.00014676188584400001,-2.50111042988e-12,0.0,54.0,-186.15625,3.3744262726800003e-09,2.01745573433,-8.59424471855e-06,0.000379534089006,6.143003702159999e-06,5440.61165619,108600.00000000001,1.02445483208e-07,1.67618678997,5.960464477540001e-08,0.961984122797,207.06250000000003,1.09067455097,-5.9898923602e-09,-5.48951437459e-10,258.0,2336.0,3.12,0.0,-4.65661287308e-10,0.0,109320.0
E03,2024-10-14 06:10:00,-0.000146761827637,-2.4868995751599997e-12,0.0,54.0,-186.15625,3.3744262726800003e-09,2.01745573433,-8.59424471855e-06,0.000379534089006,6.143003702159999e-06,5440.61165619,108600.00000000001,1.02445483208e-07,1.67618678997,5.960464477540001e-08,0.961984122797,207.06250000000003,1.09067455097,-5.9898923602e-09,-5.48951437459e-10,513.0,2336.0,3.12,0.0,-4.65661287308e-10,-4.65661287308e-10,109285.00000000001
E03,2024-10-14 06:10:00,-0.000146761827637,-2.4868995751599997e-12,0.0,54.0,-186.15625,3.3744262726800003e-09,2.01745573433,-8.59424471855e-06,0.000379534089006,6.143003702159999e-06,5440.61165619,108600.00000000001,1.02445483208e-07,1.67618678997,5.960464477540001e-08,0.961984122797,207.06250000000003,1.09067455097,-5.9898923602e-09,-5.48951437459e-10,516.0,2336.0,3.12,0.0,-4.65661287308e-10,-4.65661287308e-10,109264.0
E03,2024-10-14 06:10:00,-0.00014676182763650002,-2.4868995751599997e-12,0.0,54.0,-186.15625,3.374426272685e-09,2.017455734329,-8.594244718552e-06,0.0003795340890065,6.1430037021639995e-06,5440.611656188999,108600.00000000001,1.0244548320769999e-07,1.676186789965,5.960464477539e-08,0.9619841227972,207.06250000000003,1.090674550973,-5.9898923602030005e-09,-5.489514374594e-10,517.0,2336.0,3.12,0.0,-4.656612873077e-10,-4.656612873077e-10,109264.99999999999
E13,2024-10-14 13:20:00,-2.5739776901900003e-05,-3.12638803734e-13,0.0,97.0,64.90625,2.2154494252200003e-09,2.3676587589,2.7734786271999996e-06,0.00022121449001100002,1.4530494809200002e-05,5440.61178589,134400.0,-1.49011611938e-08,-0.413649018028,4.842877388e-08,1.0003640551,51.8125,-1.8227047738,-5.12557064345e-09,1.45720355552e-10,258.0,2336.0,3.12,0.0,3.25962901115e-09,0.0,135120.0
E08,2024-10-14 03:40:00,-0.0003511059912853,-6.153300091682001e-12,0.0,39.0,-157.84375,3.1176298617980002e-09,0.24671791418570002,-7.275491952896e-06,0.000296879094094,5.371868610382e-06,5440.61400795,99600.00000000001,-7.450580596924e-08,1.67674217511,-1.7508864402769998e-07,0.9678363378568,232.90625,0.9729289780543001,-5.7384533153280004e-09,-4.5073306055550005e-10,513.0,2336.0,3.12,0.0,-6.519258022308e-09,-7.683411240578e-09,100713.99999999999
