satelite_id,Datetime,a0,a1,a2,X,Vx,ax,Health,Y,Vy,ay,Accurracy code,Z,Vz,az,IODN
S21,2024-10-13 23:58:40,0.0,0.0,86410.0,42004.684,0.0,0.0,63.0,-3674.93296,0.0,0.0,32767.0,0.0,0.0,0.0,190.0
S21,2024-10-14 00:01:20,0.0,0.0,86491.0,42004.684,0.0,0.0,63.0,-3674.93296,0.0,0.0,32767.0,0.0,0.0,0.0,191.0
S21,2024-10-14 00:04:16,0.0,0.0,86661.0,42004.684,0.0,0.0,63.0,-3674.93296,0.0,0.0,32767.0,0.0,0.0,0.0,192.0
S21,2024-10-14 00:06:56,0.0,0.0,86827.0,42004.684,0.0,0.0,63.0,-3674.93296,0.0,0.0,32767.0,0.0,0.0,0.0,193.0
S21,2024-10-14 00:09:52,0.0,0.0,86992.99999999999,42004.684,0.0,0.0,63.0,-3674.93296,0.0,0.0,32767.0,0.0,0.0,0.0,194.0
S21,2024-10-14 00:12:32,0.0,0.0,87155.0,42004.684,0.0,0.0,63.0,-3674.93296,0.0,0.0,32767.0,0.0,0.0,0.0,195.0
S21,2024-10-14 00:15:12,0.0,0.0,87321.00000000001,42004.684,0.0,0.0,63.0,-3674.93296,0.0,0.0,32767.0,0.0,0.0,0.0,196.0
S21,2024-10-14 00:18:08,0.0,0.0,87490.0,42004.684,0.0,0.0,63.0,-3674.93296,0.0,0.0,32767.0,0.0,0.0,0.0,197.0
S21,2024-10-14 00:20:48,0.0,0.0,87652.0,42004.684,0.0,0.0,63.0,-3674.93296,0.0,0.0,32767.0,0.0,0.0,0.0,198.0
S21,2024-10-14 00:23:28,0.0,0.0,87817.0,42004.684,0.0,0.0,63.0,-3674.93296,0.0,0.0,32767.0,0.0,0.0,0.0,199.0
S21,2024-10-14 00:26:08,0.0,0.0,87983.0,42004.684,0.0,0.0,63.0,-3674.93296,0.0,0.0,32767.0,0.0,0.0,0.0,200.0
S21,2024-10-14 00:29:04,0.0,0.0,88149.0,42004.684,0.0,0.0,63.0,-3674.93296,0.0,0.0,32767.0,0.0,0.0,0.0,200.99999999999997
S21,2024-10-14 00:31:44,0.0,0.0,88314.0,42004.684,0.0,0.0,63.0,-3674.93296,0.0,0.0,32767.0,0.0,0.0,0.0,202.0
S21,2024-10-14 00:34:24,0.0,0.0,88476.0,42004.684,0.0,0.0,63.0,-3674.93296,0.0,0.0,32767.0,0.0,0.0,0.0,202.99999999999997
S21,2024-10-14 00:37:20,0.0,0.0,88642.0,42004.684,0.0,0.0,63.0,-3674.93296,0.0,0.0,32767.0,0.0,0.0,0.0,204.0
S21,2024-10-14 00:40:00,0.0,0.0,88808.0,42004.684,0.0,0.0,63.0,-3674.93296,0.0,0.0,32767.0,0.0,0.0,0.0,204.99999999999997
S21,2024-10-14 00:42:40,0.0,0.0,88973.0,42004.684,0.0,0.0,63.0,-3674.93296,0.0,0.0,32767.0,0.0,0.0,0.0,206.0
S21,2024-10-14 00:45:20,0.0,0.0,89135.00000000001,42004.684,0.0,0.0,63.0,-3674.93296,0.0,0.0,32767.0,0.0,0.0,0.0,206.99999999999997
S21,2024-10-14 00:48:16,0.0,0.0,89301.0,42004.684,0.0,0.0,63.0,-3674.93296,0.0,0.0,32767.0,0.0,0.0,0.0,208.0
S21,2024-10-14 00:50:56,0.0,0.0,89467.0,42004.684,0.0,0.0,63.0,-3674.93296,0.0,0.0,32767.0,0.0,0.0,0.0,209.0
S21,2024-10-14 00:53:52,0.0,0.0,89637.0,42004.684,0.0,0.0,63.0,-3674.93296,0.0,0.0,32767.0,0.0,0.0,0.0,210.0
S21,2024-10-14 00:56:32,0.0,0.0,89803.0,42004.684,0.0,0.0,63.0,-3674.93296,0.0,0.0,32767.0,0.0,0.0,0.0,211.0
S21,2024-10-14 00:59:28,0.0,0.0,89969.0,42004.684,0.0,0.0,63.0,-3674.93296,0.0,0.0,32767.0,0.0,0.0,0.0,212.0
S21,2024-10-14 01:02:08,0.0,0.0,90135.0,42004.684,0.0,0.0,63.0,-3674.93296,0.0,0.0,32767.0,0.0,0.0,0.0,213.0
S21,2024-10-14 01:04:48,0.0,0.0,90300.99999999999,42004.684,0.0,0.0,63.0,-3674.93296,0.0,0.0,32767.0,0.0,0.0,0.0,214.0
S21,2024-10-14 01:07:44,0.0,0.0,90467.0,42004.684,0.0,0.0,63.0,-3674.93296,0.0,0.0,32767.0,0.0,0.0,0.0,215.0
S21,2024-10-14 01:10:24,0.0,0.0,90637.00000000001,42004.684,0.0,0.0,63.0,-3674.93296,0.0,0.0,32767.0,0.0,0.0,0.0,216.0
S21,2024-10-14 01:13:20,0.0,0.0,90803.0,42004.684,0.0,0.0,63.0,-3674.93296,0.0,0.0,32767.0,0.0,0.0,0.0,217.0
S21,2024-10-14 01:16:00,0.0,0.0,90969.0,42004.684,0.0,0.0,63.0,-3674.93296,0.0,0.0,32767.0,0.0,0.0,0.0,218.00000000000003
S21,2024-10-14 01:18:40,0.0,0.0,91135.0,42004.684,0.0,0.0,63.0,-3674.93296,0.0,0.0,32767.0,0.0,0.0,0.0,219.0
S21,2024-10-14 01:21:36,0.0,0.0,91301.0,42004.684,0.0,0.0,63.0,-3674.93296,0.0,0.0,32767.0,0.0,0.0,0.0,220.00000000000003
S21,2024-10-14 01:24:16,0.0,0.0,91471.0,42004.684,0.0,0.0,63.0,-3674.93296,0.0,0.0,32767.0,0.0,0.0,0.0,221.0
S21,2024-10-14 01:27:12,0.0,0.0,91637.0,42004.684,0.0,0.0,63.0,-3674.93296,0.0,0.0,32767.0,0.0,0.0,0.0,222.00000000000003
S21,2024-10-14 01:29:52,0.0,0.0,91803.00000000001,42004.684,0.0,0.0,63.0,-3674.93296,0.0,0.0,32767.0,0.0,0.0,0.0,223.0
S21,2024-10-14 01:32:48,0.0,0.0,91969.0,42004.684,0.0,0.0,63.0,-3674.93296,0.0,0.0,32767.0,0.0,0.0,0.0,224.00000000000003
S21,2024-10-14 01:35:28,0.0,0.0,92135.0,42004.684,0.0,0.0,63.0,-3674.93296,0.0,0.0,32767.0,0.0,0.0,0.0,225.0
S21,2024-10-14 01:38:24,0.0,0.0,92304.99999999999,42004.684,0.0,0.0,63.0,-3674.93296,0.0,0.0,32767.0,0.0,0.0,0.0,225.99999999999997
S21,2024-10-14 01:41:04,0.0,0.0,92471.0,42004.684,0.0,0.0,63.0,-3674.93296,0.0,0.0,32767.0,0.0,0.0,0.0,227.0
S21,2024-10-14 01:43:44,0.0,0.0,92637.0,42004.684,0.0,0.0,63.0,-3674.93296,0.0,0.0,32767.0,0.0,0.0,0.0,227.99999999999997
S21,2024-10-14 01:46:40,0.0,0.0,92807.0,42004.684,0.0,0.0,63.0,-3674.93296,0.0,0.0,32767.0,0.0,0.0,0.0,229.0
S21,2024-10-14 01:49:20,0.0,0.0,92973.0,42004.684,0.0,0.0,63.0,-3674.93296,0.0,0.0,32767.0,0.0,0.0,0.0,229.99999999999997
S21,2024-10-14 01:52:16,0.0,0.0,93139.0,42004.684,0.0,0.0,63.0,-3674.93296,0.0,0.0,32767.0,0.0,0.0,0.0,231.0
S21,2024-10-14 01:54:56,0.0,0.0,93305.0,42004.684,0.0,0.0,63.0,-3674.93296,0.0,0.0,32767.0,0.0,0.0,0.0,231.99999999999997
S21,2024-10-14 01:57:36,0.0,0.0,93471.0,42004.684,0.0,0.0,63.0,-3674.93296,0.0,0.0,32767.0,0.0,0.0,0.0,233.0
S21,2024-10-14 02:00:32,0.0,0.0,93641.0,42004.684,0.0,0.0,63.0,-3674.93296,0.0,0.0,32767.0,0.0,0.0,0.0,234.0
S21,2024-10-14 02:03:12,0.0,0.0,93806.99999999999,42004.684,0.0,0.0,63.0,-3674.93296,0.0,0.0,32767.0,0.0,0.0,0.0,235.0
S21,2024-10-14 02:06:08,0.0,0.0,93973.0,42004.684,0.0,0.0,63.0,-3674.93296,0.0,0.0,32767.0,0.0,0.0,0.0,236.0
S21,2024-10-14 02:08:48,0.0,0.0,94139.0,42004.684,0.0,0.0,63.0,-3674.93296,0.0,0.0,32767.0,0.0,0.0,0.0,237.0
S21,2024-10-14 02:11:44,0.0,0.0,94305.0,42004.684,0.0,0.0,63.0,-3674.93296,0.0,0.0,32767.0,0.0,0.0,0.0,238.0
S21,2024-10-14 02:14:24,0.0,0.0,94471.0,42004.684,0.0,0.0,63.0,-3674.93296,0.0,0.0,32767.0,0.0,0.0,0.0,239.0
S21,2024-10-14 02:17:04,0.0,0.0,94637.0,42004.684,0.0,0.0,63.0,-3674.93296,0.0,0.0,32767.0,0.0,0.0,0.0,240.0
S21,2024-10-14 02:19:44,0.0,0.0,94799.0,42004.684,0.0,0.0,63.0,-3674.93296,0.0,0.0,32767.0,0.0,0.0,0.0,241.0
S21,2024-10-14 02:22:40,0.0,0.0,94964.0,42004.684,0.0,0.0,63.0,-3674.93296,0.0,0.0,32767.0,0.0,0.0,0.0,242.0
S21,2024-10-14 02:25:20,0.0,0.0,95134.00000000001,42004.684,0.0,0.0,63.0,-3674.93296,0.0,0.0,32767.0,0.0,0.0,0.0,243.00000000000003
S21,2024-10-14 02:28:16,0.0,0.0,95296.0,42004.684,0.0,0.0,63.0,-3674.93296,0.0,0.0,32767.0,0.0,0.0,0.0,244.0
S21,2024-10-14 02:30:56,0.0,0.0,95460.99999999999,42004.684,0.0,0.0,63.0,-3674.93296,0.0,0.0,32767.0,0.0,0.0,0.0,245.00000000000003
S21,2024-10-14 02:33:36,0.0,0.0,95627.0,42004.684,0.0,0.0,63.0,-3674.93296,0.0,0.0,32767.0,0.0,0.0,0.0,246.0
S21,2024-10-14 02:36:32,0.0,0.0,95793.0,42004.684,0.0,0.0,63.0,-3674.93296,0.0,0.0,32767.0,0.0,0.0,0.0,247.00000000000003
S21,2024-10-14 02:39:12,0.0,0.0,95955.0,42004.684,0.0,0.0,63.0,-3674.93296,0.0,0.0,32767.0,0.0,0.0,0.0,248.0
S21,2024-10-14 02:41:52,0.0,0.0,96120.0,42004.684,0.0,0.0,63.0,-3674.93296,0.0,0.0,32767.0,0.0,0.0,0.0,249.00000000000003
S21,2024-10-14 02:44:32,0.0,0.0,96286.0,42004.684,0.0,0.0,63.0,-3674.93296,0.0,0.0,32767.0,0.0,0.0,0.0,250.0
S21,2024-10-14 02:47:28,0.0,0.0,96450.0,42004.684,0.0,0.0,63.0,-3674.93296,0.0,0.0,32767.0,0.0,0.0,0.0,250.99999999999997
S21,2024-10-14 02:50:08,0.0,0.0,96613.0,42004.684,0.0,0.0,63.0,-3674.93296,0.0,0.0,32767.0,0.0,0.0,0.0,252.0
S21,2024-10-14 02:52:48,0.0,0.0,96777.0,42004.684,0.0,0.0,63.0,-3674.93296,0.0,0.0,32767.0,0.0,0.0,0.0,252.99999999999997
S21,2024-10-14 02:55:28,0.0,0.0,96943.0,42004.684,0.0,0.0,63.0,-3674.93296,0.0,0.0,32767.0,0.0,0.0,0.0,254.0
S21,2024-10-14 02:58:24,0.0,0.0,97109.0,42004.684,0.0,0.0,63.0,-3674.93296,0.0,0.0,32767.0,0.0,0.0,0.0,254.99999999999997
S21,2024-10-14 03:01:04,0.0,0.0,97274.99999999999,42004.684,0.0,0.0,63.0,-3674.93296,0.0,0.0,32767.0,0.0,0.0,0.0,0.0
S21,2024-10-14 03:04:00,0.0,0.0,97440.0,42004.684,0.0,0.0,63.0,-3674.93296,0.0,0.0,32767.0,0.0,0.0,0.0,1.0
S21,2024-10-14 03:06:40,0.0,0.0,97604.0,42004.684,0.0,0.0,63.0,-3674.93296,0.0,0.0,32767.0,0.0,0.0,0.0,2.0
S21,2024-10-14 03:09:20,0.0,0.0,97769.99999999999,42004.684,0.0,0.0,63.0,-3674.93296,0.0,0.0,32767.0,0.0,0.0,0.0,3.0
S21,2024-10-14 03:12:16,0.0,0.0,97940.0,42004.684,0.0,0.0,63.0,-3674.93296,0.0,0.0,32767.0,0.0,0.0,0.0,4.0
S21,2024-10-14 03:14:56,0.0,0.0,98106.00000000001,42004.684,0.0,0.0,63.0,-3674.93296,0.0,0.0,32767.0,0.0,0.0,0.0,5.0
S21,2024-10-14 03:17:52,0.0,0.0,98272.0,42004.684,0.0,0.0,63.0,-3674.93296,0.0,0.0,32767.0,0.0,0.0,0.0,6.0
S21,2024-10-14 03:20:32,0.0,0.0,98438.0,42004.684,0.0,0.0,63.0,-3674.93296,0.0,0.0,32767.0,0.0,0.0,0.0,7.0
S21,2024-10-14 03:23:12,0.0,0.0,98604.0,42004.684,0.0,0.0,63.0,-3674.93296,0.0,0.0,32767.0,0.0,0.0,0.0,8.0
S21,2024-10-14 03:26:08,0.0,0.0,98770.0,42004.684,0.0,0.0,63.0,-3674.93296,0.0,0.0,32767.0,0.0,0.0,0.0,9.0
S21,2024-10-14 03:28:48,0.0,0.0,98940.0,42004.684,0.0,0.0,63.0,-3674.93296,0.0,0.0,32767.0,0.0,0.0,0.0,10.0
S21,2024-10-14 03:31:44,0.0,0.0,99106.0,42004.684,0.0,0.0,63.0,-3674.93296,0.0,0.0,32767.0,0.0,0.0,0.0,11.0
S21,2024-10-14 03:34:24,0.0,0.0,99274.0,42004.684,0.0,0.0,63.0,-3674.93296,0.0,0.0,32767.0,0.0,0.0,0.0,12.0
S21,2024-10-14 03:37:04,0.0,0.0,99438.0,42004.684,0.0,0.0,63.0,-3674.93296,0.0,0.0,32767.0,0.0,0.0,0.0,13.0
S21,2024-10-14 03:40:00,0.0,0.0,99604.0,42004.684,0.0,0.0,63.0,-3674.93296,0.0,0.0,32767.0,0.0,0.0,0.0,14.0
S21,2024-10-14 03:42:40,0.0,0.0,99771.0,42004.684,0.0,0.0,63.0,-3674.93296,0.0,0.0,32767.0,0.0,0.0,0.0,15.0
S21,2024-10-14 03:45:36,0.0,0.0,99937.0,42004.684,0.0,0.0,63.0,-3674.93296,0.0,0.0,32767.0,0.0,0.0,0.0,16.0
S21,2024-10-14 03:48:16,0.0,0.0,100103.00000000001,42004.684,0.0,0.0,63.0,-3674.93296,0.0,0.0,32767.0,0.0,0.0,0.0,17.0
S21,2024-10-14 03:51:12,0.0,0.0,100272.99999999999,42004.684,0.0,0.0,63.0,-3674.93296,0.0,0.0,32767.0,0.0,0.0,0.0,18.0
S21,2024-10-14 03:53:52,0.0,0.0,100438.99999999999,42004.684,0.0,0.0,63.0,-3674.93296,0.0,0.0,32767.0,0.0,0.0,0.0,19.0
S21,2024-10-14 03:56:32,0.0,0.0,100605.00000000001,42004.684,0.0,0.0,63.0,-3674.93296,0.0,0.0,32767.0,0.0,0.0,0.0,20.0
S21,2024-10-14 03:59:28,0.0,0.0,100771.00000000001,42004.684,0.0,0.0,63.0,-3674.93296,0.0,0.0,32767.0,0.0,0.0,0.0,21.0
S21,2024-10-14 04:02:08,0.0,0.0,100937.00000000001,42004.684,0.0,0.0,63.0,-3674.93296,0.0,0.0,32767.0,0.0,0.0,0.0,22.0
S21,2024-10-14 04:04:48,0.0,0.0,101103.00000000001,42004.684,0.0,0.0,63.0,-3674.93296,0.0,0.0,32767.0,0.0,0.0,0.0,23.0
S21,2024-10-14 04:07:44,0.0,0.0,101272.99999999999,42004.684,0.0,0.0,63.0,-3674.93296,0.0,0.0,32767.0,0.0,0.0,0.0,24.0
S21,2024-10-14 04:10:24,0.0,0.0,101438.99999999999,42004.684,0.0,0.0,63.0,-3674.93296,0.0,0.0,32767.0,0.0,0.0,0.0,25.0
S21,2024-10-14 04:13:20,0.0,0.0,101601.00000000001,42004.684,0.0,0.0,63.0,-3674.93296,0.0,0.0,32767.0,0.0,0.0,0.0,26.0
S21,2024-10-14 04:16:00,0.0,0.0,101766.0,42004.684,0.0,0.0,63.0,-3674.93296,0.0,0.0,32767.0,0.0,0.0,0.0,27.0
S21,2024-10-14 04:18:40,0.0,0.0,101932.0,42004.684,0.0,0.0,63.0,-3674.93296,0.0,0.0,32767.0,0.0,0.0,0.0,28.0
S21,2024-10-14 04:21:36,0.0,0.0,102098.0,42004.684,0.0,0.0,63.0,-3674.93296,0.0,0.0,32767.0,0.0,0.0,0.0,29.0
S21,2024-10-14 04:24:16,0.0,0.0,102260.0,42004.684,0.0,0.0,63.0,-3674.93296,0.0,0.0,32767.0,0.0,0.0,0.0,30.0
S21,2024-10-14 04:26:56,0.0,0.0,102430.0,42004.684,0.0,0.0,63.0,-3674.93296,0.0,0.0,32767.0,0.0,0.0,0.0,31.0
S21,2024-10-14 04:29:52,0.0,0.0,102596.0,42004.684,0.0,0.0,63.0,-3674.93296,0.0,0.0,32767.0,0.0,0.0,0.0,32.0
S21,2024-10-14 04:32:32,0.0,0.0,102762.0,42004.684,0.0,0.0,63.0,-3674.93296,0.0,0.0,32767.0,0.0,0.0,0.0,33.0
S21,2024-10-14 04:35:28,0.0,0.0,102932.0,42004.684,0.0,0.0,63.0,-3674.93296,0.0,0.0,32767.0,0.0,0.0,0.0,34.0
S21,2024-10-14 04:38:08,0.0,0.0,103094.0,42004.684,0.0,0.0,63.0,-3674.93296,0.0,0.0,32767.0,0.0,0.0,0.0,35.0
S21,2024-10-14 04:40:48,0.0,0.0,103258.99999999999,42004.684,0.0,0.0,63.0,-3674.93296,0.0,0.0,32767.0,0.0,0.0,0.0,36.0
S21,2024-10-14 04:43:44,0.0,0.0,103424.99999999999,42004.684,0.0,0.0,63.0,-3674.93296,0.0,0.0,32767.0,0.0,0.0,0.0,37.0
S21,2024-10-14 04:46:24,0.0,0.0,103591.00000000001,42004.684,0.0,0.0,63.0,-3674.93296,0.0,0.0,32767.0,0.0,0.0,0.0,38.0
S21,2024-10-14 04:49:04,0.0,0.0,103757.00000000001,42004.684,0.0,0.0,63.0,-3674.93296,0.0,0.0,32767.0,0.0,0.0,0.0,39.0
S21,2024-10-14 04:52:00,0.0,0.0,103922.0,42004.684,0.0,0.0,63.0,-3674.93296,0.0,0.0,32767.0,0.0,0.0,0.0,40.0
S21,2024-10-14 04:54:40,0.0,0.0,104084.0,42004.684,0.0,0.0,63.0,-3674.93296,0.0,0.0,32767.0,0.0,0.0,0.0,41.0
S21,2024-10-14 04:57:20,0.0,0.0,104250.0,42004.684,0.0,0.0,63.0,-3674.93296,0.0,0.0,32767.0,0.0,0.0,0.0,42.0
S21,2024-10-14 05:00:16,0.0,0.0,104416.0,42004.684,0.0,0.0,63.0,-3674.93296,0.0,0.0,32767.0,0.0,0.0,0.0,43.0
S21,2024-10-14 05:02:56,0.0,0.0,104578.0,42004.684,0.0,0.0,63.0,-3674.93296,0.0,0.0,32767.0,0.0,0.0,0.0,44.0
S21,2024-10-14 05:05:36,0.0,0.0,104743.00000000001,42004.684,0.0,0.0,63.0,-3674.93296,0.0,0.0,32767.0,0.0,0.0,0.0,45.0
S21,2024-10-14 05:08:16,0.0,0.0,104906.00000000001,42004.684,0.0,0.0,63.0,-3674.93296,0.0,0.0,32767.0,0.0,0.0,0.0,46.0
S21,2024-10-14 05:10:56,0.0,0.0,105068.0,42004.684,0.0,0.0,63.0,-3674.93296,0.0,0.0,32767.0,0.0,0.0,0.0,47.0
S21,2024-10-14 05:13:52,0.0,0.0,105233.0,42004.684,0.0,0.0,63.0,-3674.93296,0.0,0.0,32767.0,0.0,0.0,0.0,48.0
S21,2024-10-14 05:16:32,0.0,0.0,105395.0,42004.684,0.0,0.0,63.0,-3674.93296,0.0,0.0,32767.0,0.0,0.0,0.0,49.0
S21,2024-10-14 05:19:12,0.0,0.0,105560.00000000001,42004.684,0.0,0.0,63.0,-3674.93296,0.0,0.0,32767.0,0.0,0.0,0.0,50.0
S21,2024-10-14 05:21:52,0.0,0.0,105722.0,42004.684,0.0,0.0,63.0,-3674.93296,0.0,0.0,32767.0,0.0,0.0,0.0,51.0
S21,2024-10-14 05:24:32,0.0,0.0,105884.0,42004.684,0.0,0.0,63.0,-3674.93296,0.0,0.0,32767.0,0.0,0.0,0.0,52.0
S21,2024-10-14 05:27:28,0.0,0.0,106049.0,42004.684,0.0,0.0,63.0,-3674.93296,0.0,0.0,32767.0,0.0,0.0,0.0,53.0
S21,2024-10-14 05:30:08,0.0,0.0,106211.00000000001,42004.684,0.0,0.0,63.0,-3674.93296,0.0,0.0,32767.0,0.0,0.0,0.0,54.0
S21,2024-10-14 05:32:48,0.0,0.0,106376.0,42004.684,0.0,0.0,63.0,-3674.93296,0.0,0.0,32767.0,0.0,0.0,0.0,55.0
S21,2024-10-14 05:35:28,0.0,0.0,106538.0,42004.684,0.0,0.0,63.0,-3674.93296,0.0,0.0,32767.0,0.0,0.0,0.0,56.0
S21,2024-10-14 05:38:08,0.0,0.0,106700.0,42004.684,0.0,0.0,63.0,-3674.93296,0.0,0.0,32767.0,0.0,0.0,0.0,57.0
S21,2024-10-14 05:41:04,0.0,0.0,106866.0,42004.684,0.0,0.0,63.0,-3674.93296,0.0,0.0,32767.0,0.0,0.0,0.0,58.0
S21,2024-10-14 05:43:44,0.0,0.0,107027.99999999999,42004.684,0.0,0.0,63.0,-3674.93296,0.0,0.0,32767.0,0.0,0.0,0.0,59.0
S21,2024-10-14 05:46:24,0.0,0.0,107190.00000000001,42004.684,0.0,0.0,63.0,-3674.93296,0.0,0.0,32767.0,0.0,0.0,0.0,60.0
S21,2024-10-14 05:49:04,0.0,0.0,107352.0,42004.684,0.0,0.0,63.0,-3674.93296,0.0,0.0,32767.0,0.0,0.0,0.0,61.0
S21,2024-10-14 05:51:44,0.0,0.0,107514.0,42004.684,0.0,0.0,63.0,-3674.93296,0.0,0.0,32767.0,0.0,0.0,0.0,62.0
S21,2024-10-14 05:54:24,0.0,0.0,107676.0,42004.684,0.0,0.0,63.0,-3674.93296,0.0,0.0,32767.0,0.0,0.0,0.0,63.0
S21,2024-10-14 05:57:04,0.0,0.0,107837.99999999999,42004.684,0.0,0.0,63.0,-3674.93296,0.0,0.0,32767.0,0.0,0.0,0.0,64.0
S21,2024-10-14 06:00:00,0.0,0.0,108003.0,42004.684,0.0,0.0,63.0,-3674.93296,0.0,0.0,32767.0,0.0,0.0,0.0,65.0
S21,2024-10-14 06:02:40,0.0,0.0,108165.0,42004.684,0.0,0.0,63.0,-3674.93296,0.0,0.0,32767.0,0.0,0.0,0.0,66.0
S21,2024-10-14 06:05:20,0.0,0.0,108327.0,42004.684,0.0,0.0,63.0,-3674.93296,0.0,0.0,32767.0,0.0,0.0,0.0,67.0
S21,2024-10-14 06:08:00,0.0,0.0,108488.99999999999,42004.684,0.0,0.0,63.0,-3674.93296,0.0,0.0,32767.0,0.0,0.0,0.0,68.0
S21,2024-10-14 06:10:40,0.0,0.0,108651.00000000001,42004.684,0.0,0.0,63.0,-3674.93296,0.0,0.0,32767.0,0.0,0.0,0.0,69.0
S21,2024-10-14 06:13:20,0.0,0.0,108813.0,42004.684,0.0,0.0,63.0,-3674.93296,0.0,0.0,32767.0,0.0,0.0,0.0,70.0
S21,2024-10-14 06:16:00,0.0,0.0,108975.0,42004.684,0.0,0.0,63.0,-3674.93296,0.0,0.0,32767.0,0.0,0.0,0.0,71.0
S21,2024-10-14 06:18:56,0.0,0.0,109137.0,42004.684,0.0,0.0,63.0,-3674.93296,0.0,0.0,32767.0,0.0,0.0,0.0,72.0
S21,2024-10-14 06:21:36,0.0,0.0,109298.99999999999,42004.684,0.0,0.0,63.0,-3674.93296,0.0,0.0,32767.0,0.0,0.0,0.0,73.0
S21,2024-10-14 06:24:16,0.0,0.0,109464.99999999999,42004.684,0.0,0.0,63.0,-3674.93296,0.0,0.0,32767.0,0.0,0.0,0.0,74.0
S21,2024-10-14 06:26:56,0.0,0.0,109627.00000000001,42004.684,0.0,0.0,63.0,-3674.93296,0.0,0.0,32767.0,0.0,0.0,0.0,75.0
S21,2024-10-14 06:29:36,0.0,0.0,109789.0,42004.684,0.0,0.0,63.0,-3674.93296,0.0,0.0,32767.0,0.0,0.0,0.0,76.0
S21,2024-10-14 06:32:16,0.0,0.0,109951.0,42004.684,0.0,0.0,63.0,-3674.93296,0.0,0.0,32767.0,0.0,0.0,0.0,77.0
S21,2024-10-14 06:35:12,0.0,0.0,110113.0,42004.684,0.0,0.0,63.0,-3674.93296,0.0,0.0,32767.0,0.0,0.0,0.0,78.0
S21,2024-10-14 06:37:52,0.0,0.0,110274.99999999999,42004.684,0.0,0.0,63.0,-3674.93296,0.0,0.0,32767.0,0.0,0.0,0.0,79.0
S21,2024-10-14 01:54:56,0.0,0.0,93305.0,42004.684,0.0,0.0,63.0,-3674.93296,0.0,0.0,32767.0,0.0,0.0,0.0,231.99999999999997
S21,2024-10-14 01:57:36,0.0,0.0,93471.0,42004.684,0.0,0.0,63.0,-3674.93296,0.0,0.0,32767.0,0.0,0.0,0.0,233.0
S21,2024-10-14 02:00:32,0.0,0.0,93641.0,42004.684,0.0,0.0,63.0,-3674.93296,0.0,0.0,32767.0,0.0,0.0,0.0,234.0
S21,2024-10-14 02:03:12,0.0,0.0,93806.99999999999,42004.684,0.0,0.0,63.0,-3674.93296,0.0,0.0,32767.0,0.0,0.0,0.0,235.0
S21,2024-10-14 02:06:08,0.0,0.0,93973.0,42004.684,0.0,0.0,63.0,-3674.93296,0.0,0.0,32767.0,0.0,0.0,0.0,236.0
S21,2024-10-14 02:08:48,0.0,0.0,94139.0,42004.684,0.0,0.0,63.0,-3674.93296,0.0,0.0,32767.0,0.0,0.0,0.0,237.0
S21,2024-10-14 02:11:44,0.0,0.0,94305.0,42004.684,0.0,0.0,63.0,-3674.93296,0.0,0.0,32767.0,0.0,0.0,0.0,238.0
S21,2024-10-14 02:14:24,0.0,0.0,94471.0,42004.684,0.0,0.0,63.0,-3674.93296,0.0,0.0,32767.0,0.0,0.0,0.0,239.0
S21,2024-10-14 02:17:04,0.0,0.0,94637.0,42004.684,0.0,0.0,63.0,-3674.93296,0.0,0.0,32767.0,0.0,0.0,0.0,240.0
S21,2024-10-14 02:19:44,0.0,0.0,94799.0,42004.684,0.0,0.0,63.0,-3674.93296,0.0,0.0,32767.0,0.0,0.0,0.0,241.0
S21,2024-10-14 02:22:40,0.0,0.0,94964.0,42004.684,0.0,0.0,63.0,-3674.93296,0.0,0.0,32767.0,0.0,0.0,0.0,242.0
S21,2024-10-14 02:25:20,0.0,0.0,95134.00000000001,42004.684,0.0,0.0,63.0,-3674.93296,0.0,0.0,32767.0,0.0,0.0,0.0,243.00000000000003
S21,2024-10-14 02:28:16,0.0,0.0,95296.0,42004.684,0.0,0.0,63.0,-3674.93296,0.0,0.0,32767.0,0.0,0.0,0.0,244.0
S21,2024-10-14 02:30:56,0.0,0.0,95460.99999999999,42004.684,0.0,0.0,63.0,-3674.93296,0.0,0.0,32767.0,0.0,0.0,0.0,245.00000000000003
S21,2024-10-14 02:33:36,0.0,0.0,95627.0,42004.684,0.0,0.0,63.0,-3674.93296,0.0,0.0,32767.0,0.0,0.0,0.0,246.0
S21,2024-10-14 02:36:32,0.0,0.0,95793.0,42004.684,0.0,0.0,63.0,-3674.93296,0.0,0.0,32767.0,0.0,0.0,0.0,247.00000000000003
S21,2024-10-14 02:39:12,0.0,0.0,95955.0,42004.684,0.0,0.0,63.0,-3674.93296,0.0,0.0,32767.0,0.0,0.0,0.0,248.0
S21,2024-10-14 02:41:52,0.0,0.0,96120.0,42004.684,0.0,0.0,63.0,-3674.93296,0.0,0.0,32767.0,0.0,0.0,0.0,249.00000000000003
S21,2024-10-14 02:44:32,0.0,0.0,96286.0,42004.684,0.0,0.0,63.0,-3674.93296,0.0,0.0,32767.0,0.0,0.0,0.0,250.0
S21,2024-10-14 02:47:28,0.0,0.0,96450.0,42004.684,0.0,0.0,63.0,-3674.93296,0.0,0.0,32767.0,0.0,0.0,0.0,250.99999999999997
S21,2024-10-14 02:50:08,0.0,0.0,96613.0,42004.684,0.0,0.0,63.0,-3674.93296,0.0,0.0,32767.0,0.0,0.0,0.0,252.0
S21,2024-10-14 02:52:48,0.0,0.0,96777.0,42004.684,0.0,0.0,63.0,-3674.93296,0.0,0.0,32767.0,0.0,0.0,0.0,252.99999999999997
S21,2024-10-14 02:55:28,0.0,0.0,96943.0,42004.684,0.0,0.0,63.0,-3674.93296,0.0,0.0,32767.0,0.0,0.0,0.0,254.0
S21,2024-10-14 02:58:24,0.0,0.0,97109.0,42004.684,0.0,0.0,63.0,-3674.93296,0.0,0.0,32767.0,0.0,0.0,0.0,254.99999999999997
S21,2024-10-14 03:01:04,0.0,0.0,97274.99999999999,42004.684,0.0,0.0,63.0,-3674.93296,0.0,0.0,32767.0,0.0,0.0,0.0,0.0
S21,2024-10-14 03:04:00,0.0,0.0,97440.0,42004.684,0.0,0.0,63.0,-3674.93296,0.0,0.0,32767.0,0.0,0.0,0.0,1.0
S21,2024-10-14 03:06:40,0.0,0.0,97604.0,42004.684,0.0,0.0,63.0,-3674.93296,0.0,0.0,32767.0,0.0,0.0,0.0,2.0
S21,2024-10-14 03:09:20,0.0,0.0,97769.99999999999,42004.684,0.0,0.0,63.0,-3674.93296,0.0,0.0,32767.0,0.0,0.0,0.0,3.0
S21,2024-10-14 03:12:16,0.0,0.0,97940.0,42004.684,0.0,0.0,63.0,-3674.93296,0.0,0.0,32767.0,0.0,0.0,0.0,4.0
S21,2024-10-14 03:14:56,0.0,0.0,98106.00000000001,42004.684,0.0,0.0,63.0,-3674.93296,0.0,0.0,32767.0,0.0,0.0,0.0,5.0
S21,2024-10-14 03:17:52,0.0,0.0,98272.0,42004.684,0.0,0.0,63.0,-3674.93296,0.0,0.0,32767.0,0.0,0.0,0.0,6.0
S21,2024-10-14 03:20:32,0.0,0.0,98438.0,42004.684,0.0,0.0,63.0,-3674.93296,0.0,0.0,32767.0,0.0,0.0,0.0,7.0
S21,2024-10-14 03:23:12,0.0,0.0,98604.0,42004.684,0.0,0.0,63.0,-3674.93296,0.0,0.0,32767.0,0.0,0.0,0.0,8.0
S21,2024-10-14 03:26:08,0.0,0.0,98770.0,42004.684,0.0,0.0,63.0,-3674.93296,0.0,0.0,32767.0,0.0,0.0,0.0,9.0
S21,2024-10-14 03:28:48,0.0,0.0,98940.0,42004.684,0.0,0.0,63.0,-3674.93296,0.0,0.0,32767.0,0.0,0.0,0.0,10.0
S21,2024-10-14 07:23:44,0.0,0.0,113032.0,42004.684,0.0,0.0,63.0,-3674.93296,0.0,0.0,32767.0,0.0,0.0,0.0,96.0
S21,2024-10-14 07:26:24,0.0,0.0,113194.0,42004.684,0.0,0.0,63.0,-3674.93296,0.0,0.0,32767.0,0.0,0.0,0.0,97.0
S21,2024-10-14 03:31:44,0.0,0.0,99106.0,42004.684,0.0,0.0,63.0,-3674.93296,0.0,0.0,32767.0,0.0,0.0,0.0,11.0
S21,2024-10-14 07:29:04,0.0,0.0,113359.00000000001,42004.684,0.0,0.0,63.0,-3674.93296,0.0,0.0,32767.0,0.0,0.0,0.0,98.0
S21,2024-10-14 07:32:00,0.0,0.0,113521.0,42004.684,0.0,0.0,63.0,-3674.93296,0.0,0.0,32767.0,0.0,0.0,0.0,99.0
S21,2024-10-14 07:34:40,0.0,0.0,113686.0,42004.684,0.0,0.0,63.0,-3674.93296,0.0,0.0,32767.0,0.0,0.0,0.0,100.0
S21,2024-10-14 07:37:20,0.0,0.0,113848.0,42004.684,0.0,0.0,63.0,-3674.93296,0.0,0.0,32767.0,0.0,0.0,0.0,101.0
S21,2024-10-14 07:40:00,0.0,0.0,114009.99999999999,42004.684,0.0,0.0,63.0,-3674.93296,0.0,0.0,32767.0,0.0,0.0,0.0,102.0
S21,2024-10-14 07:42:40,0.0,0.0,114175.0,42004.684,0.0,0.0,63.0,-3674.93296,0.0,0.0,32767.0,0.0,0.0,0.0,103.0
S21,2024-10-14 07:45:36,0.0,0.0,114337.0,42004.684,0.0,0.0,63.0,-3674.93296,0.0,0.0,32767.0,0.0,0.0,0.0,104.0
S21,2024-10-14 07:48:16,0.0,0.0,114501.99999999999,42004.684,0.0,0.0,63.0,-3674.93296,0.0,0.0,32767.0,0.0,0.0,0.0,105.0
S21,2024-10-14 07:50:56,0.0,0.0,114665.0,42004.684,0.0,0.0,63.0,-3674.93296,0.0,0.0,32767.0,0.0,0.0,0.0,106.0
S21,2024-10-14 07:53:36,0.0,0.0,114826.99999999999,42004.684,0.0,0.0,63.0,-3674.93296,0.0,0.0,32767.0,0.0,0.0,0.0,107.0
S21,2024-10-14 07:56:32,0.0,0.0,114992.0,42004.684,0.0,0.0,63.0,-3674.93296,0.0,0.0,32767.0,0.0,0.0,0.0,108.0
S21,2024-10-14 07:59:12,0.0,0.0,115158.0,42004.684,0.0,0.0,63.0,-3674.93296,0.0,0.0,32767.0,0.0,0.0,0.0,109.00000000000001
S21,2024-10-14 08:01:52,0.0,0.0,115324.0,42004.684,0.0,0.0,63.0,-3674.93296,0.0,0.0,32767.0,0.0,0.0,0.0,110.00000000000001
S21,2024-10-14 08:04:32,0.0,0.0,115486.0,42004.684,0.0,0.0,63.0,-3674.93296,0.0,0.0,32767.0,0.0,0.0,0.0,111.00000000000001
S21,2024-10-14 08:07:28,0.0,0.0,115648.0,42004.684,0.0,0.0,63.0,-3674.93296,0.0,0.0,32767.0,0.0,0.0,0.0,112.00000000000001
S21,2024-10-14 08:10:08,0.0,0.0,115813.00000000001,42004.684,0.0,0.0,63.0,-3674.93296,0.0,0.0,32767.0,0.0,0.0,0.0,112.99999999999999
S21,2024-10-14 08:12:48,0.0,0.0,115975.0,42004.684,0.0,0.0,63.0,-3674.93296,0.0,0.0,32767.0,0.0,0.0,0.0,113.99999999999999
S21,2024-10-14 08:15:28,0.0,0.0,116140.0,42004.684,0.0,0.0,63.0,-3674.93296,0.0,0.0,32767.0,0.0,0.0,0.0,114.99999999999999
S21,2024-10-14 08:18:08,0.0,0.0,116302.0,42004.684,0.0,0.0,63.0,-3674.93296,0.0,0.0,32767.0,0.0,0.0,0.0,115.99999999999999
S21,2024-10-14 08:21:04,0.0,0.0,116467.00000000001,42004.684,0.0,0.0,63.0,-3674.93296,0.0,0.0,32767.0,0.0,0.0,0.0,117.0
S21,2024-10-14 08:23:44,0.0,0.0,116632.0,42004.684,0.0,0.0,63.0,-3674.93296,0.0,0.0,32767.0,0.0,0.0,0.0,118.0
S21,2024-10-14 08:26:24,0.0,0.0,116794.0,42004.684,0.0,0.0,63.0,-3674.93296,0.0,0.0,32767.0,0.0,0.0,0.0,119.0
S21,2024-10-14 08:29:04,0.0,0.0,116956.0,42004.684,0.0,0.0,63.0,-3674.93296,0.0,0.0,32767.0,0.0,0.0,0.0,120.0
S21,2024-10-14 08:31:44,0.0,0.0,117118.00000000001,42004.684,0.0,0.0,63.0,-3674.93296,0.0,0.0,32767.0,0.0,0.0,0.0,121.0
S21,2024-10-14 08:34:40,0.0,0.0,117280.0,42004.684,0.0,0.0,63.0,-3674.93296,0.0,0.0,32767.0,0.0,0.0,0.0,122.0
S21,2024-10-14 08:37:20,0.0,0.0,117442.0,42004.684,0.0,0.0,63.0,-3674.93296,0.0,0.0,32767.0,0.0,0.0,0.0,123.0
S21,2024-10-14 08:40:00,0.0,0.0,117604.0,42004.684,0.0,0.0,63.0,-3674.93296,0.0,0.0,32767.0,0.0,0.0,0.0,124.0
S21,2024-10-14 08:42:40,0.0,0.0,117768.99999999999,42004.684,0.0,0.0,63.0,-3674.93296,0.0,0.0,32767.0,0.0,0.0,0.0,125.0
S21,2024-10-14 08:45:20,0.0,0.0,117931.00000000001,42004.684,0.0,0.0,63.0,-3674.93296,0.0,0.0,32767.0,0.0,0.0,0.0,126.0
S21,2024-10-14 08:48:00,0.0,0.0,118093.0,42004.684,0.0,0.0,63.0,-3674.93296,0.0,0.0,32767.0,0.0,0.0,0.0,127.0
S21,2024-10-14 08:50:56,0.0,0.0,118258.0,42004.684,0.0,0.0,63.0,-3674.93296,0.0,0.0,32767.0,0.0,0.0,0.0,128.0
S21,2024-10-14 08:53:36,0.0,0.0,118419.99999999999,42004.684,0.0,0.0,63.0,-3674.93296,0.0,0.0,32767.0,0.0,0.0,0.0,129.0
S21,2024-10-14 08:56:16,0.0,0.0,118582.00000000001,42004.684,0.0,0.0,63.0,-3674.93296,0.0,0.0,32767.0,0.0,0.0,0.0,130.0
S21,2024-10-14 08:58:56,0.0,0.0,118748.00000000001,42004.684,0.0,0.0,63.0,-3674.93296,0.0,0.0,32767.0,0.0,0.0,0.0,131.0
S21,2024-10-14 09:01:36,0.0,0.0,118910.0,42004.684,0.0,0.0,63.0,-3674.93296,0.0,0.0,32767.0,0.0,0.0,0.0,132.0
S21,2024-10-14 09:04:32,0.0,0.0,119072.0,42004.684,0.0,0.0,63.0,-3674.93296,0.0,0.0,32767.0,0.0,0.0,0.0,133.0
S21,2024-10-14 09:07:12,0.0,0.0,119234.0,42004.684,0.0,0.0,63.0,-3674.93296,0.0,0.0,32767.0,0.0,0.0,0.0,134.0
S21,2024-10-14 09:09:52,0.0,0.0,119395.99999999999,42004.684,0.0,0.0,63.0,-3674.93296,0.0,0.0,32767.0,0.0,0.0,0.0,135.0
S21,2024-10-14 09:12:32,0.0,0.0,119558.00000000001,42004.684,0.0,0.0,63.0,-3674.93296,0.0,0.0,32767.0,0.0,0.0,0.0,136.0
S21,2024-10-14 09:15:12,0.0,0.0,119720.0,42004.684,0.0,0.0,63.0,-3674.93296,0.0,0.0,32767.0,0.0,0.0,0.0,137.0
S21,2024-10-14 09:17:52,0.0,0.0,119882.0,42004.684,0.0,0.0,63.0,-3674.93296,0.0,0.0,32767.0,0.0,0.0,0.0,138.0
S21,2024-10-14 09:20:32,0.0,0.0,120044.0,42004.684,0.0,0.0,63.0,-3674.93296,0.0,0.0,32767.0,0.0,0.0,0.0,139.0
S21,2024-10-14 09:23:12,0.0,0.0,120205.99999999999,42004.684,0.0,0.0,63.0,-3674.93296,0.0,0.0,32767.0,0.0,0.0,0.0,140.0
S21,2024-10-14 09:26:08,0.0,0.0,120368.00000000001,42004.684,0.0,0.0,63.0,-3674.93296,0.0,0.0,32767.0,0.0,0.0,0.0,141.0
S21,2024-10-14 09:28:48,0.0,0.0,120530.0,42004.684,0.0,0.0,63.0,-3674.93296,0.0,0.0,32767.0,0.0,0.0,0.0,142.0
S21,2024-10-14 09:31:28,0.0,0.0,120692.0,42004.684,0.0,0.0,63.0,-3674.93296,0.0,0.0,32767.0,0.0,0.0,0.0,143.0
S21,2024-10-14 09:34:08,0.0,0.0,120854.0,42004.684,0.0,0.0,63.0,-3674.93296,0.0,0.0,32767.0,0.0,0.0,0.0,144.0
S21,2024-10-14 09:36:48,0.0,0.0,121015.99999999999,42004.684,0.0,0.0,63.0,-3674.93296,0.0,0.0,32767.0,0.0,0.0,0.0,145.0
S21,2024-10-14 09:39:28,0.0,0.0,121178.00000000001,42004.684,0.0,0.0,63.0,-3674.93296,0.0,0.0,32767.0,0.0,0.0,0.0,146.0
S21,2024-10-14 09:42:08,0.0,0.0,121340.0,42004.684,0.0,0.0,63.0,-3674.93296,0.0,0.0,32767.0,0.0,0.0,0.0,147.0
S21,2024-10-14 09:45:04,0.0,0.0,121506.0,42004.684,0.0,0.0,63.0,-3674.93296,0.0,0.0,32767.0,0.0,0.0,0.0,148.0
S21,2024-10-14 09:47:44,0.0,0.0,121668.0,42004.684,0.0,0.0,63.0,-3674.93296,0.0,0.0,32767.0,0.0,0.0,0.0,149.0
S21,2024-10-14 09:50:24,0.0,0.0,121832.99999999999,42004.684,0.0,0.0,63.0,-3674.93296,0.0,0.0,32767.0,0.0,0.0,0.0,150.0
S21,2024-10-14 09:53:04,0.0,0.0,121995.00000000001,42004.684,0.0,0.0,63.0,-3674.93296,0.0,0.0,32767.0,0.0,0.0,0.0,151.0
S21,2024-10-14 09:55:44,0.0,0.0,122157.0,42004.684,0.0,0.0,63.0,-3674.93296,0.0,0.0,32767.0,0.0,0.0,0.0,152.0
S21,2024-10-14 09:58:24,0.0,0.0,122319.0,42004.684,0.0,0.0,63.0,-3674.93296,0.0,0.0,32767.0,0.0,0.0,0.0,153.0
S21,2024-10-14 10:01:20,0.0,0.0,122481.0,42004.684,0.0,0.0,63.0,-3674.93296,0.0,0.0,32767.0,0.0,0.0,0.0,154.0
S21,2024-10-14 10:04:00,0.0,0.0,122642.99999999999,42004.684,0.0,0.0,63.0,-3674.93296,0.0,0.0,32767.0,0.0,0.0,0.0,155.0
S21,2024-10-14 10:06:40,0.0,0.0,122811.0,42004.684,0.0,0.0,63.0,-3674.93296,0.0,0.0,32767.0,0.0,0.0,0.0,156.0
S21,2024-10-14 10:09:20,0.0,0.0,122973.0,42004.684,0.0,0.0,63.0,-3674.93296,0.0,0.0,32767.0,0.0,0.0,0.0,157.0
S21,2024-10-14 10:12:00,0.0,0.0,123135.0,42004.684,0.0,0.0,63.0,-3674.93296,0.0,0.0,32767.0,0.0,0.0,0.0,158.0
S21,2024-10-14 10:14:56,0.0,0.0,123296.99999999999,42004.684,0.0,0.0,63.0,-3674.93296,0.0,0.0,32767.0,0.0,0.0,0.0,159.0
S21,2024-10-14 10:17:36,0.0,0.0,123459.99999999999,42004.684,0.0,0.0,63.0,-3674.93296,0.0,0.0,32767.0,0.0,0.0,0.0,160.0
S21,2024-10-14 10:20:16,0.0,0.0,123622.00000000001,42004.684,0.0,0.0,63.0,-3674.93296,0.0,0.0,32767.0,0.0,0.0,0.0,161.0
S21,2024-10-14 10:22:56,0.0,0.0,123784.0,42004.684,0.0,0.0,63.0,-3674.93296,0.0,0.0,32767.0,0.0,0.0,0.0,162.0
S21,2024-10-14 10:25:36,0.0,0.0,123947.99999999999,42004.684,0.0,0.0,63.0,-3674.93296,0.0,0.0,32767.0,0.0,0.0,0.0,163.0
S21,2024-10-14 10:28:16,0.0,0.0,124110.00000000001,42004.684,0.0,0.0,63.0,-3674.93296,0.0,0.0,32767.0,0.0,0.0,0.0,164.0
S21,2024-10-14 10:31:12,0.0,0.0,124275.0,42004.684,0.0,0.0,63.0,-3674.93296,0.0,0.0,32767.0,0.0,0.0,0.0,165.0
S21,2024-10-14 10:33:52,0.0,0.0,124437.0,42004.684,0.0,0.0,63.0,-3674.93296,0.0,0.0,32767.0,0.0,0.0,0.0,166.0
S21,2024-10-14 10:36:32,0.0,0.0,124599.0,42004.684,0.0,0.0,63.0,-3674.93296,0.0,0.0,32767.0,0.0,0.0,0.0,167.0
S21,2024-10-14 10:39:12,0.0,0.0,124764.99999999999,42004.684,0.0,0.0,63.0,-3674.93296,0.0,0.0,32767.0,0.0,0.0,0.0,168.0
S21,2024-10-14 10:41:52,0.0,0.0,124927.00000000001,42004.684,0.0,0.0,63.0,-3674.93296,0.0,0.0,32767.0,0.0,0.0,0.0,169.0
S21,2024-10-14 10:44:48,0.0,0.0,125092.0,42004.684,0.0,0.0,63.0,-3674.93296,0.0,0.0,32767.0,0.0,0.0,0.0,170.0
S21,2024-10-14 10:47:28,0.0,0.0,125254.0,42004.684,0.0,0.0,63.0,-3674.93296,0.0,0.0,32767.0,0.0,0.0,0.0,171.0
S21,2024-10-14 10:50:08,0.0,0.0,125416.0,42004.684,0.0,0.0,63.0,-3674.93296,0.0,0.0,32767.0,0.0,0.0,0.0,172.0
S21,2024-10-14 10:52:48,0.0,0.0,125577.99999999999,42004.684,0.0,0.0,63.0,-3674.93296,0.0,0.0,32767.0,0.0,0.0,0.0,173.0
S21,2024-10-14 10:55:28,0.0,0.0,125740.00000000001,42004.684,0.0,0.0,63.0,-3674.93296,0.0,0.0,32767.0,0.0,0.0,0.0,174.0
S21,2024-10-14 10:58:08,0.0,0.0,125902.0,42004.684,0.0,0.0,63.0,-3674.93296,0.0,0.0,32767.0,0.0,0.0,0.0,175.0
S21,2024-10-14 11:01:04,0.0,0.0,126064.0,42004.684,0.0,0.0,63.0,-3674.93296,0.0,0.0,32767.0,0.0,0.0,0.0,176.0
S21,2024-10-14 11:03:44,0.0,0.0,126226.0,42004.684,0.0,0.0,63.0,-3674.93296,0.0,0.0,32767.0,0.0,0.0,0.0,177.0
S21,2024-10-14 11:06:24,0.0,0.0,126387.99999999999,42004.684,0.0,0.0,63.0,-3674.93296,0.0,0.0,32767.0,0.0,0.0,0.0,178.0
S21,2024-10-14 11:09:04,0.0,0.0,126550.0,42004.684,0.0,0.0,63.0,-3674.93296,0.0,0.0,32767.0,0.0,0.0,0.0,179.0
S21,2024-10-14 11:11:44,0.0,0.0,126712.0,42004.684,0.0,0.0,63.0,-3674.93296,0.0,0.0,32767.0,0.0,0.0,0.0,180.0
S21,2024-10-14 11:14:24,0.0,0.0,126874.0,42004.684,0.0,0.0,63.0,-3674.93296,0.0,0.0,32767.0,0.0,0.0,0.0,181.0
S21,2024-10-14 11:17:04,0.0,0.0,127036.0,42004.684,0.0,0.0,63.0,-3674.93296,0.0,0.0,32767.0,0.0,0.0,0.0,182.0
S21,2024-10-14 11:20:00,0.0,0.0,127200.0,42004.684,0.0,0.0,63.0,-3674.93296,0.0,0.0,32767.0,0.0,0.0,0.0,183.0
S21,2024-10-14 11:22:40,0.0,0.0,127362.0,42004.684,0.0,0.0,63.0,-3674.93296,0.0,0.0,32767.0,0.0,0.0,0.0,184.0
S21,2024-10-14 11:25:20,0.0,0.0,127524.0,42004.684,0.0,0.0,63.0,-3674.93296,0.0,0.0,32767.0,0.0,0.0,0.0,185.0
S21,2024-10-14 11:28:00,0.0,0.0,127686.00000000001,42004.684,0.0,0.0,63.0,-3674.93296,0.0,0.0,32767.0,0.0,0.0,0.0,186.0
S21,2024-10-14 11:30:40,0.0,0.0,127848.0,42004.684,0.0,0.0,63.0,-3674.93296,0.0,0.0,32767.0,0.0,0.0,0.0,187.0
S21,2024-10-14 11:33:20,0.0,0.0,128010.0,42004.684,0.0,0.0,63.0,-3674.93296,0.0,0.0,32767.0,0.0,0.0,0.0,188.0
S21,2024-10-14 11:36:00,0.0,0.0,128172.0,42004.684,0.0,0.0,63.0,-3674.93296,0.0,0.0,32767.0,0.0,0.0,0.0,189.0
S21,2024-10-14 11:38:56,0.0,0.0,128336.99999999999,42004.684,0.0,0.0,63.0,-3674.93296,0.0,0.0,32767.0,0.0,0.0,0.0,190.0
S21,2024-10-14 11:41:36,0.0,0.0,128499.00000000001,42004.684,0.0,0.0,63.0,-3674.93296,0.0,0.0,32767.0,0.0,0.0,0.0,191.0
S21,2024-10-14 11:44:16,0.0,0.0,128661.0,42004.684,0.0,0.0,63.0,-3674.93296,0.0,0.0,32767.0,0.0,0.0,0.0,192.0
S21,2024-10-14 11:46:56,0.0,0.0,128823.0,42004.684,0.0,0.0,63.0,-3674.93296,0.0,0.0,32767.0,0.0,0.0,0.0,193.0
S21,2024-10-14 11:49:36,0.0,0.0,128985.0,42004.684,0.0,0.0,63.0,-3674.93296,0.0,0.0,32767.0,0.0,0.0,0.0,194.0
S21,2024-10-14 11:52:16,0.0,0.0,129146.99999999999,42004.684,0.0,0.0,63.0,-3674.93296,0.0,0.0,32767.0,0.0,0.0,0.0,195.0
S21,2024-10-14 11:54:56,0.0,0.0,129309.0,42004.684,0.0,0.0,63.0,-3674.93296,0.0,0.0,32767.0,0.0,0.0,0.0,196.0
S21,2024-10-14 11:57:36,0.0,0.0,129471.0,42004.684,0.0,0.0,63.0,-3674.93296,0.0,0.0,32767.0,0.0,0.0,0.0,197.0
S21,2024-10-14 12:00:32,0.0,0.0,129637.0,42004.684,0.0,0.0,63.0,-3674.93296,0.0,0.0,32767.0,0.0,0.0,0.0,198.0
S21,2024-10-14 12:03:12,0.0,0.0,129799.0,42004.684,0.0,0.0,63.0,-3674.93296,0.0,0.0,32767.0,0.0,0.0,0.0,199.0
S21,2024-10-14 12:05:52,0.0,0.0,129961.0,42004.684,0.0,0.0,63.0,-3674.93296,0.0,0.0,32767.0,0.0,0.0,0.0,200.0
S21,2024-10-14 12:08:32,0.0,0.0,130123.00000000001,42004.684,0.0,0.0,63.0,-3674.93296,0.0,0.0,32767.0,0.0,0.0,0.0,200.99999999999997
S21,2024-10-14 12:11:12,0.0,0.0,130285.0,42004.684,0.0,0.0,63.0,-3674.93296,0.0,0.0,32767.0,0.0,0.0,0.0,202.0
S21,2024-10-14 12:13:52,0.0,0.0,130447.0,42004.684,0.0,0.0,63.0,-3674.93296,0.0,0.0,32767.0,0.0,0.0,0.0,202.99999999999997
S21,2024-10-14 12:16:48,0.0,0.0,130609.0,42004.684,0.0,0.0,63.0,-3674.93296,0.0,0.0,32767.0,0.0,0.0,0.0,204.0
S21,2024-10-14 12:19:28,0.0,0.0,130771.0,42004.684,0.0,0.0,63.0,-3674.93296,0.0,0.0,32767.0,0.0,0.0,0.0,204.99999999999997
S21,2024-10-14 12:22:08,0.0,0.0,130933.00000000001,42004.684,0.0,0.0,63.0,-3674.93296,0.0,0.0,32767.0,0.0,0.0,0.0,206.0
S21,2024-10-14 12:24:48,0.0,0.0,131095.0,42004.684,0.0,0.0,63.0,-3674.93296,0.0,0.0,32767.0,0.0,0.0,0.0,206.99999999999997
S21,2024-10-14 12:27:28,0.0,0.0,131257.0,42004.684,0.0,0.0,63.0,-3674.93296,0.0,0.0,32767.0,0.0,0.0,0.0,208.0
S21,2024-10-14 12:30:08,0.0,0.0,131419.0,42004.684,0.0,0.0,63.0,-3674.93296,0.0,0.0,32767.0,0.0,0.0,0.0,209.0
S21,2024-10-14 12:32:48,0.0,0.0,131581.0,42004.684,0.0,0.0,63.0,-3674.93296,0.0,0.0,32767.0,0.0,0.0,0.0,210.0
S21,2024-10-14 12:35:44,0.0,0.0,131745.0,42004.684,0.0,0.0,63.0,-3674.93296,0.0,0.0,32767.0,0.0,0.0,0.0,211.0
S21,2024-10-14 12:38:24,0.0,0.0,131907.0,42004.684,0.0,0.0,63.0,-3674.93296,0.0,0.0,32767.0,0.0,0.0,0.0,212.0
S21,2024-10-14 12:41:04,0.0,0.0,132069.0,42004.684,0.0,0.0,63.0,-3674.93296,0.0,0.0,32767.0,0.0,0.0,0.0,213.0
S21,2024-10-14 12:43:44,0.0,0.0,132231.0,42004.684,0.0,0.0,63.0,-3674.93296,0.0,0.0,32767.0,0.0,0.0,0.0,214.0
S21,2024-10-14 12:46:24,0.0,0.0,132393.0,42004.684,0.0,0.0,63.0,-3674.93296,0.0,0.0,32767.0,0.0,0.0,0.0,215.0
S21,2024-10-14 12:49:04,0.0,0.0,132555.0,42004.684,0.0,0.0,63.0,-3674.93296,0.0,0.0,32767.0,0.0,0.0,0.0,216.0
S21,2024-10-14 12:51:44,0.0,0.0,132717.0,42004.684,0.0,0.0,63.0,-3674.93296,0.0,0.0,32767.0,0.0,0.0,0.0,217.0
S21,2024-10-14 12:54:24,0.0,0.0,132879.0,42004.684,0.0,0.0,63.0,-3674.93296,0.0,0.0,32767.0,0.0,0.0,0.0,218.00000000000003
S48,2024-10-14 23:57:36,0.0,0.0,172720.0,-10589.802479999998,-0.001860625,0.0,31.0,-40826.1208,0.00020687500000000003,0.0,2.0,10.774799999999999,0.000652,0.0,0.0
S21,2024-10-14 10:25:36,0.0,0.0,123947.99999999999,42004.684,0.0,0.0,63.0,-3674.93296,0.0,0.0,32767.0,0.0,0.0,0.0,163.0
S21,2024-10-14 12:57:20,0.0,0.0,133041.0,42004.684,0.0,0.0,63.0,-3674.93296,0.0,0.0,32767.0,0.0,0.0,0.0,219.0
S21,2024-10-14 13:00:00,0.0,0.0,133203.0,42004.684,0.0,0.0,63.0,-3674.93296,0.0,0.0,32767.0,0.0,0.0,0.0,220.00000000000003
S21,2024-10-14 13:02:40,0.0,0.0,133365.0,42004.684,0.0,0.0,63.0,-3674.93296,0.0,0.0,32767.0,0.0,0.0,0.0,221.0
S21,2024-10-14 13:05:20,0.0,0.0,133527.0,42004.684,0.0,0.0,63.0,-3674.93296,0.0,0.0,32767.0,0.0,0.0,0.0,222.00000000000003
S21,2024-10-14 10:28:16,0.0,0.0,124110.00000000001,42004.684,0.0,0.0,63.0,-3674.93296,0.0,0.0,32767.0,0.0,0.0,0.0,164.0
S21,2024-10-14 10:31:12,0.0,0.0,124275.0,42004.684,0.0,0.0,63.0,-3674.93296,0.0,0.0,32767.0,0.0,0.0,0.0,165.0
S21,2024-10-14 10:33:52,0.0,0.0,124437.0,42004.684,0.0,0.0,63.0,-3674.93296,0.0,0.0,32767.0,0.0,0.0,0.0,166.0
S21,2024-10-14 13:08:00,0.0,0.0,133689.0,42004.684,0.0,0.0,63.0,-3674.93296,0.0,0.0,32767.0,0.0,0.0,0.0,223.0
S21,2024-10-14 13:10:40,0.0,0.0,133851.0,42004.684,0.0,0.0,63.0,-3674.93296,0.0,0.0,32767.0,0.0,0.0,0.0,224.00000000000003
S21,2024-10-14 10:36:32,0.0,0.0,124599.0,42004.684,0.0,0.0,63.0,-3674.93296,0.0,0.0,32767.0,0.0,0.0,0.0,167.0
S35,2024-10-14 13:55:12,-1.210719347e-08,6.36646291241e-12,136490.0,-24195.69672,-0.001950625,2.5e-08,63.0,39462.90168,-1.25e-05,5e-08,32767.0,-552.1188000000001,0.033904000000000004,1.4375e-06,61.0
S21,2024-10-14 13:26:56,0.0,0.0,134824.0,42004.684,0.0,0.0,63.0,-3674.93296,0.0,0.0,32767.0,0.0,0.0,0.0,229.99999999999997
S21,2024-10-14 10:39:12,0.0,0.0,124764.99999999999,42004.684,0.0,0.0,63.0,-3674.93296,0.0,0.0,32767.0,0.0,0.0,0.0,168.0
S21,2024-10-14 13:29:36,0.0,0.0,134986.0,42004.684,0.0,0.0,63.0,-3674.93296,0.0,0.0,32767.0,0.0,0.0,0.0,231.0
S21,2024-10-14 13:32:16,0.0,0.0,135148.0,42004.684,0.0,0.0,63.0,-3674.93296,0.0,0.0,32767.0,0.0,0.0,0.0,231.99999999999997
S21,2024-10-14 13:35:12,0.0,0.0,135312.0,42004.684,0.0,0.0,63.0,-3674.93296,0.0,0.0,32767.0,0.0,0.0,0.0,233.0
S21,2024-10-14 13:37:52,0.0,0.0,135474.0,42004.684,0.0,0.0,63.0,-3674.93296,0.0,0.0,32767.0,0.0,0.0,0.0,234.0
S21,2024-10-14 13:40:32,0.0,0.0,135636.0,42004.684,0.0,0.0,63.0,-3674.93296,0.0,0.0,32767.0,0.0,0.0,0.0,235.0
S21,2024-10-14 13:43:12,0.0,0.0,135798.0,42004.684,0.0,0.0,63.0,-3674.93296,0.0,0.0,32767.0,0.0,0.0,0.0,236.0
S21,2024-10-14 13:45:52,0.0,0.0,135960.0,42004.684,0.0,0.0,63.0,-3674.93296,0.0,0.0,32767.0,0.0,0.0,0.0,237.0
S21,2024-10-14 13:48:32,0.0,0.0,136122.0,42004.684,0.0,0.0,63.0,-3674.93296,0.0,0.0,32767.0,0.0,0.0,0.0,238.0
S21,2024-10-14 13:51:12,0.0,0.0,136284.0,42004.684,0.0,0.0,63.0,-3674.93296,0.0,0.0,32767.0,0.0,0.0,0.0,239.0
S21,2024-10-14 13:53:52,0.0,0.0,136446.0,42004.684,0.0,0.0,63.0,-3674.93296,0.0,0.0,32767.0,0.0,0.0,0.0,240.0
S21,2024-10-14 13:56:48,0.0,0.0,136608.0,42004.684,0.0,0.0,63.0,-3674.93296,0.0,0.0,32767.0,0.0,0.0,0.0,241.0
S21,2024-10-14 13:59:28,0.0,0.0,136770.0,42004.684,0.0,0.0,63.0,-3674.93296,0.0,0.0,32767.0,0.0,0.0,0.0,242.0
S21,2024-10-14 14:02:08,0.0,0.0,136932.0,42004.684,0.0,0.0,63.0,-3674.93296,0.0,0.0,32767.0,0.0,0.0,0.0,243.00000000000003
S21,2024-10-14 14:04:48,0.0,0.0,137094.0,42004.684,0.0,0.0,63.0,-3674.93296,0.0,0.0,32767.0,0.0,0.0,0.0,244.0
