Satelitenumber,Datetime,X,Y,Z,azimuth,zenith
E02,2024-09-18 12:20:00,21336355.057610445,4875419.815404749,19936227.180693362,169.452148221764,25.606826039250112
E02,2024-09-18 12:20:00,21317405.258190926,4852147.764360115,19962142.659072466,169.53239938925077,25.517963095389373
E02,2024-09-18 12:20:00,21290880.274820443,4819478.84428787,19998308.38370863,169.64620407913517,25.393762981929534
E02,2024-09-18 12:20:00,21290880.2743444,4819478.842782431,19998308.384529363,169.6462040860355,25.393762978834975
E02,2024-09-18 12:40:00,24800137.28761711,8304035.487249699,13876870.62289989,163.65728441705483,43.68516484129892
E02,2024-09-18 12:40:00,24783590.891853347,8291240.48485475,13914016.509133656,163.65929809268994,43.58724144865811
E02,2024-09-18 12:40:00,24760379.027968835,8273235.137031773,13965939.927375294,163.66239234137046,43.45015870739505
E02,2024-09-18 12:40:00,24760379.02813814,8273235.138124248,13965939.926474486,163.66239233860264,43.45015871007039
E02,2024-09-18 12:50:00,25588356.99829894,8874621.065274777,11961152.59734244,163.73743133038923,48.583872901997054
E02,2024-09-18 12:50:00,25573405.496871136,8864523.223838465,12000536.02580972,163.73280389639805,48.485935100794386
E02,2024-09-18 12:50:00,25552413.570924416,8850297.567972396,12055603.114162683,163.7265051801979,48.34881451814636
E02,2024-09-18 12:50:00,25552413.570918042,8850297.568128979,12055603.114061328,163.72650517979045,48.34881451844328
E02,2024-09-18 13:00:00,26656194.54192941,9517223.131388696,8688332.518231835,164.38144572372593,56.39001286423439
E02,2024-09-18 13:00:00,26644557.318322834,9511131.409034794,8730581.679730497,164.37079763018602,56.292943329791676
E02,2024-09-18 13:00:00,26628186.58015618,9502524.018739663,8789679.781271271,164.35597353497826,56.15701887272441
E02,2024-09-18 13:00:00,26628186.580247235,9502524.020696295,8789679.77906423,164.35597353095366,56.15701887831279
E02,2024-09-18 13:10:00,27434497.963645123,9864421.863967871,5164683.735446629,165.36736812640254,64.22132819720395
E02,2024-09-18 13:10:00,27417082.633263398,9858296.343285317,5267803.071235516,165.3368405779364,63.99866719124059
E02,2024-09-18 13:10:00,27406486.749458496,9854519.870846488,5329627.221316296,165.318560655899,63.86500785913615
E02,2024-09-18 13:10:00,27406486.749515254,9854519.870052626,5329627.222371193,165.3185606574373,63.86500785665928
E02,2024-09-18 13:20:00,27838097.6479065,9958401.825967945,1583333.7964159416,166.42972254178244,71.76972735626343
E02,2024-09-18 13:20:00,27831853.42333634,9958552.672809275,1688667.4167515445,166.399015085361,71.55211829372827
E02,2024-09-18 13:20:00,27827942.336427305,9958568.771989075,1751852.4682179003,166.3805636852191,71.42147510873362
E02,2024-09-18 13:20:00,27827942.336146783,9958568.77314667,1751852.4666456254,166.38056368296427,71.42147511225205
E02,2024-09-18 13:30:00,27839305.76957957,9872654.50236382,-2033002.0474871383,167.42560372995933,79.12749502241613
E02,2024-09-18 13:30:00,27845244.451218355,9877030.720616177,-1927780.0505056689,167.3986712718225,78.91589748103215
E02,2024-09-18 13:30:00,27848632.628728166,9879612.358005444,-1864629.3090185076,167.3824356515706,78.78884893378118
E02,2024-09-18 13:30:00,27848632.6282439,9879612.359128904,-1864629.3109879747,167.3824356494299,78.78884893797797
E04,2024-09-18 13:00:00,-13835801.719371336,17355175.14858217,19582533.607436553,45.00240656341329,77.95083794429914
E04,2024-09-18 13:00:00,-13836091.341172434,17364990.81467812,19573624.556781564,45.02465154163782,77.96728912319759
E04,2024-09-18 13:00:00,-13837347.887192264,17406166.576569803,19536124.439040832,45.11794982145964,78.03656009540772
E04,2024-09-18 13:00:00,-13837347.88765995,17406166.575569127,19536124.43963415,45.117949818860616,78.03656009486853
E04,2024-09-18 13:10:00,-13856224.618536012,15307229.55351063,21208657.601079527,40.31957401988224,75.00904947895422
E04,2024-09-18 13:10:00,-13854712.751620397,15339087.683378583,21186614.039397165,40.39311495843141,75.04772206736307
E04,2024-09-18 13:10:00,-13852660.510300439,15383636.235385137,21155629.963257074,40.49591207150625,75.10215941199374
E04,2024-09-18 13:10:00,-13852660.510154624,15383636.235832939,21155629.96301168,40.495912072622296,75.10215941226758
E04,2024-09-18 13:20:00,-14106445.921974104,12670946.459508684,22728350.812047694,34.16020772592352,72.52299729646644
E04,2024-09-18 13:20:00,-14101694.337226901,12704797.10381407,22712394.226534016,34.240103455492005,72.5462629194489
E04,2024-09-18 13:20:00,-14095112.911001623,12752157.0867606,22689923.053207275,34.35185593611318,72.57918234548687
E04,2024-09-18 13:20:00,-14095112.910407722,12752157.088333806,22689923.052649375,34.351855940032316,72.57918234575136
E04,2024-09-18 13:30:00,-14624960.652535306,9918523.564531982,23745887.55852316,27.62829828549715,71.3553505027462
E04,2024-09-18 13:30:00,-14616782.856472548,9953291.113079827,23736370.073243733,27.710956244301595,71.3612811013344
E04,2024-09-18 13:30:00,-14605406.184309503,10001957.808900066,23722907.692219604,27.826665237472817,71.36995905772547
E04,2024-09-18 13:30:00,-14605406.185199622,10001957.806649376,23722907.69267496,27.826665231968406,71.36995905811838
E04,2024-09-18 13:40:00,-15416976.455123875,7137401.405898439,24238832.914240338,21.05866050779712,71.60680261356113
E04,2024-09-18 13:40:00,-15389325.193103468,7220418.266970497,24231807.63399028,21.25272604476238,71.57849980421247
E04,2024-09-18 13:40:00,-15389325.192046305,7220418.269724308,24231807.633774456,21.252726051254413,71.57849980304029
E04,2024-09-18 13:40:00,-15382449.159450669,7241180.468204751,24229975.889620192,21.301288558813567,71.57162255202375
E04,2024-09-18 14:00:00,-17920085.71235849,1523178.6525553653,23510197.950152278,8.573472215340587,76.61858150535052
E04,2024-09-18 14:00:00,-17878215.479469653,1597070.803281397,23537145.94446846,8.7270202957398,76.51058173515067
E04,2024-09-18 14:00:00,-17878215.478395116,1597070.806079678,23537145.945026122,8.727020301633122,76.51058173248569
E04,2024-09-18 14:00:00,-17867772.178298254,1615574.9476626986,23543809.711832307,8.765526011508994,76.48372758038242
E04,2024-09-18 14:10:00,-19145060.56283977,-452352.144183079,22571106.70279671,4.602079552303303,79.98493059734612
E05,2024-09-18 14:00:00,10080101.787313275,27177321.3763491,5986777.77527128,110.20505329047734,78.96054904756964
E05,2024-09-18 14:00:00,10083627.921362733,27185626.90419695,5942994.5190974,110.24759816918488,79.04114697395916
E05,2024-09-18 14:00:00,10088495.77669453,27197164.166945547,5881663.452317392,110.30702764818969,79.15401250061855
E05,2024-09-18 14:00:00,10088495.778055971,27197164.166810468,5881663.450388832,110.30702765251178,79.15401250300103
E05,2024-09-18 14:10:00,9656311.381615294,26348625.206978343,9409581.769228805,106.50162466632223,72.6001654126326
E05,2024-09-18 14:10:00,9673332.191256355,26377908.751271326,9309556.177355617,106.62253797812592,72.78749548942443
E05,2024-09-18 14:10:00,9673332.192801692,26377908.75131422,9309556.175490668,106.622537982957,72.78749549162411
E05,2024-09-18 14:10:00,9672863.165722027,26377098.75622659,9312337.180238344,106.61918846736542,72.78228811840322
E06,2024-09-18 13:20:00,-9334574.10320237,21891810.008215982,17585412.222948685,59.24837332841172,76.63817696200678
E06,2024-09-18 13:20:00,-9326380.004516484,21954733.39281157,17511257.68155183,59.40595127542652,76.76894913155148
E06,2024-09-18 13:20:00,-9326380.004803518,21954733.392433368,17511257.681891065,59.405951274222275,76.76894913123046
E06,2024-09-18 13:20:00,-9326380.004516484,21954733.39281157,17511257.68155183,59.40595127542652,76.76894913155148
E06,2024-09-18 13:30:00,-9734119.10971085,19668026.12721245,19847881.809418455,53.62695212735267,72.75328289301771
E06,2024-09-18 13:30:00,-9718402.889790053,19737932.285799656,19786169.333086442,53.80572962728837,72.85518139802598
E06,2024-09-18 13:30:00,-9718402.89001539,19737932.28558159,19786169.333193224,53.80572962655747,72.85518139807952
E06,2024-09-18 13:30:00,-9718402.889790053,19737932.285799656,19786169.333086442,53.80572962728837,72.85518139802598
E06,2024-09-18 13:40:00,-10399350.64962037,17252131.25814774,21671303.307752177,47.352248903508624,69.96071382770315
E06,2024-09-18 13:40:00,-10375327.100223005,17326618.155978404,21623399.576989464,47.548373764791975,70.02633611445333
E06,2024-09-18 13:40:00,-10375327.099259151,17326618.15738872,21623399.576278053,47.54837376899265,70.02633611466736
E06,2024-09-18 13:40:00,-10375327.100223005,17326618.155978404,21623399.576989464,47.548373764791975,70.02633611445333
E06,2024-09-18 13:50:00,-11346990.403412921,14727253.685228394,23015300.212534152,40.633217910953014,68.48067672902566
E06,2024-09-18 13:50:00,-11314430.05917579,14803763.150585476,22982266.328398477,40.838185783747974,68.50443622855741
E06,2024-09-18 13:50:00,-11314430.057882646,14803763.152446315,22982266.327781256,40.83818578914508,68.50443622810256
E06,2024-09-18 13:50:00,-11314430.05917579,14803763.150585476,22982266.328398477,40.838185783747974,68.50443622855741
E06,2024-09-18 14:10:00,-14819526.871693313,8595375.28580021,24119376.427791547,24.53663905427756,70.9632933906374
E06,2024-09-18 14:10:00,-14826614.741476765,8585554.63757758,24118516.6582154,24.512143699133585,70.97455287957496
E06,2024-09-18 14:10:00,-14796868.756029114,8626821.519576306,24122065.31366801,24.615117757040256,70.92740827484656
E06,2024-09-18 14:10:00,-14796868.756740889,8626821.51852891,24122065.31363254,24.615117754425132,70.92740827589556
E09,2024-09-18 13:30:00,-3581183.6143979942,25887687.789689377,13879768.312491335,76.21483621225117,77.51623669619048
E09,2024-09-18 13:30:00,-3571748.5977328126,25936849.858058825,13790128.579196334,76.35409360727775,77.67699880116021
E09,2024-09-18 13:30:00,-3571748.597644463,25936849.85807218,13790128.579194088,76.35409360744409,77.67699880107236
E09,2024-09-18 13:30:00,-3572007.828986926,25935488.14444318,13792622.293084819,76.35023427311133,77.67252635630363
E09,2024-09-18 13:40:00,-4025215.968065301,24095611.675312664,16698816.395108657,71.17311655156993,72.49345229716597
E09,2024-09-18 13:40:00,-4008036.2402079445,24153353.71371564,16619330.065397317,71.33609392292375,72.63331751363737
E09,2024-09-18 13:40:00,-4008036.240961084,24153353.71310892,16619330.066136308,71.33609392030691,72.63331751301041
E09,2024-09-18 13:40:00,-4008510.070613206,24151752.80397187,16621542.500940224,71.33157686321427,72.62942222664533
E09,2024-09-18 13:50:00,-4746973.910983323,22056038.029862206,19148534.445932522,65.31116852426955,68.31291381056435
E09,2024-09-18 13:50:00,-4720994.394009088,22120069.388832655,19080958.841478515,65.4989598914086,68.42329462283631
E09,2024-09-18 13:50:00,-4720994.394829959,22120069.38814065,19080958.842111513,65.49895988855062,68.42329462250426
E09,2024-09-18 13:50:00,-4721712.342365207,22118292.793168392,19082841.084890455,65.4937531486736,68.42021477440755
E10,2024-09-18 12:20:00,-11378977.451215519,16026103.203884257,22123168.014223386,43.6589260713089,70.27763181239891
E10,2024-09-18 12:20:00,-11280288.686170999,16008077.272267973,22186712.870681744,43.69345977292454,70.03134288080474
E10,2024-09-18 12:20:00,-11300054.336392486,16011656.727849497,22174059.118118294,43.68642054180185,70.08058284926493
E10,2024-09-18 12:20:00,-11300054.335389324,16011656.728071246,22174059.118440636,43.686420543125195,70.08058284738071
E11,2024-09-18 12:20:00,373995.44284340035,16147873.3564407,24795986.50906639,60.04687153778732,47.55961810792314
E11,2024-09-18 12:20:00,462653.53431611886,16133755.701893385,24803674.242630906,60.20231015458672,47.389249615619
E11,2024-09-18 12:20:00,462653.5343037048,16133755.70190486,24803674.242623683,60.202310154590364,47.38924961566065
E11,2024-09-18 12:20:00,462653.53431611886,16133755.701893385,24803674.242630906,60.20231015458672,47.389249615619
E11,2024-09-18 12:30:00,-2170594.7582345176,16668928.128186394,24355313.776743744,56.436826304900364,52.82043221018094
E11,2024-09-18 12:30:00,-2084981.4225900776,16647670.603244655,24377312.460997533,56.53309563360332,52.63225125530628
E11,2024-09-18 12:30:00,-2084981.4196676172,16647670.602850985,24377312.461450048,56.53309563784119,52.6322512495595
E11,2024-09-18 12:30:00,-2084981.4225900776,16647670.603244655,24377312.460997533,56.53309563360332,52.63225125530628
E11,2024-09-18 12:40:00,-4929806.794853266,17503118.144892685,23347496.903860606,54.17519552357063,59.2967422249561
E11,2024-09-18 12:40:00,-4850086.475139784,17474769.054985404,23385381.605213474,54.21869830897714,59.09805853932115
E11,2024-09-18 12:40:00,-4850086.476978591,17474769.055221446,23385381.604697254,54.21869830689073,59.09805854311609
E11,2024-09-18 12:40:00,-4850086.475139784,17474769.054985404,23385381.605213474,54.21869830897714,59.09805853932115
E15,2024-09-18 14:00:00,20562341.901537973,-11748053.587290382,17767229.936428286,239.9655962293574,42.79866300109046
E15,2024-09-18 14:00:00,20567534.98549823,-11755333.265483893,17756398.586893197,239.95345534958733,42.82995882185326
E15,2024-09-18 14:00:00,20589347.42050091,-11785834.312519973,17710832.498773966,239.9023840785223,42.961387158009174
E15,2024-09-18 14:00:00,20588308.68295675,-11784384.580457326,17713005.034724377,239.90481894429468,42.95512918795271
E15,2024-09-18 14:10:00,19284651.855794016,-9722512.688131496,20250734.121438585,242.6939898028126,34.93968894063192
E15,2024-09-18 14:10:00,19279686.326209404,-9713619.010534495,20259729.317952808,242.70330730582543,34.90814836717521
E15,2024-09-18 14:10:00,19300552.557660278,-9750931.702881927,20221897.24887117,242.6640645958911,35.04061481293304
E15,2024-09-18 14:10:00,19299558.27454433,-9749157.332536822,20223701.885808628,242.66593977220623,35.03430711745914
E18,2024-09-18 14:00:00,956028.5328310672,-24849334.791361313,14968057.929956382,290.2995924476565,77.69493787671071
E18,2024-09-18 14:00:00,935146.5471895583,-24892598.522007704,14925064.396448825,290.277129902937,77.81694908917241
E18,2024-09-18 14:00:00,926006.3763692826,-24911604.608456735,14906099.09121075,290.26714628201137,77.87057558417008
E18,2024-09-18 14:00:00,926836.0896834732,-24909877.542138826,14907824.421772651,290.26805640557,77.8657019288645
E18,2024-09-18 14:10:00,1995079.9214524706,-22915501.323915437,16656764.175052617,290.9280495020004,72.29436185759039
E18,2024-09-18 14:10:00,1945733.8552333615,-22999785.377640557,16592071.348127833,290.91590293870814,72.52841649402819
E18,2024-09-18 14:10:00,1933748.297935878,-23020352.02172428,16576168.705486434,290.9127217035898,72.58553546352508
E18,2024-09-18 14:10:00,1934836.647192811,-23018482.916367322,16577615.838511452,290.9130143306154,72.58034436227
E19,2024-09-18 12:50:00,-16273122.482907705,-5029646.804556241,24209086.78617488,354.03287681198486,74.4345287792364
E19,2024-09-18 12:50:00,-16274206.583592221,-5017553.703985422,24210867.51658872,354.0592520520832,74.4302278958297
E19,2024-09-18 12:50:00,-16272258.608493637,-5039320.941560791,24207655.504977524,354.01177974546147,74.43798664624451
E19,2024-09-18 12:50:00,-16274206.583592221,-5017553.703985422,24210867.51658872,354.0592520520832,74.4302278958297
E19,2024-09-18 13:00:00,-16157428.540818688,-7072925.331865872,23771878.414000377,349.63134462933266,75.5058706733886
E19,2024-09-18 13:00:00,-16160167.773920916,-6965593.830798529,23801690.813231573,349.85950901582055,75.4325469610791
E19,2024-09-18 13:00:00,-16159589.872687126,-6987070.081317344,23795787.563043807,349.81382519028705,75.44706666843334
E19,2024-09-18 13:00:00,-16160167.773920916,-6965593.830798529,23801690.813231573,349.85950901582055,75.4325469610791
E21,2024-09-18 13:50:00,-10385998.14806684,-16668978.350514844,22150421.20426671,324.881625094909,74.1358032097373
E21,2024-09-18 13:50:00,-10484959.705680335,-16682010.042267803,22093909.69456309,324.9612678827933,74.35952386731242
E21,2024-09-18 13:50:00,-10465191.247929601,-16679378.89776144,22105267.04520103,324.9454680860129,74.31473829872432
E21,2024-09-18 13:50:00,-10465191.25028563,-16679378.897372363,22105267.044320814,324.94546808930727,74.31473830295718
E21,2024-09-18 14:00:00,-7650837.262940603,-16442622.444387048,23398186.391914707,322.1290349791611,68.40059667745102
E21,2024-09-18 14:00:00,-7685992.466613761,-16443941.06216205,23385733.837254472,322.1713117906535,68.46901847481007
E21,2024-09-18 14:00:00,-7664901.770350451,-16443145.121499853,23393215.07353262,322.1459707484978,68.4279538667091
E21,2024-09-18 14:00:00,-7664901.76973284,-16443145.121598586,23393215.07367937,322.1459707475088,68.42795386569715
E21,2024-09-18 14:10:00,-4787263.87747905,-16469261.253093727,24129185.463007458,318.04502304823535,63.28761501471371
E21,2024-09-18 14:10:00,-4895933.091902161,-16463468.499221412,24111327.037567478,318.2238721749379,63.46463613911649
E21,2024-09-18 14:10:00,-4874204.127017718,-16464596.78855303,24114958.751071706,318.1882660218412,63.42912853630426
E21,2024-09-18 14:10:00,-4874204.124746064,-16464596.78886045,24114958.751374397,318.18826601775515,63.42912853286248
E25,2024-09-18 12:20:00,20363923.81210519,21050688.67604282,4305280.209407691,135.65388778330419,72.49359512402593
E25,2024-09-18 12:20:00,20359112.784878876,21046207.94619896,4349800.320484979,135.6204531046173,72.40564075674787
E25,2024-09-18 12:20:00,20352316.627614684,21039837.220169343,4412103.175567453,135.5736108868604,72.28246940238238
E25,2024-09-18 12:20:00,20352641.856645618,21040143.1737392,4409137.04989163,135.5758423554395,72.28833563080674
E25,2024-09-18 12:30:00,20619799.74190709,21227659.589713722,708462.1593575375,138.24937017994588,79.46058025230876
E25,2024-09-18 12:30:00,20618307.267381895,21227571.525515333,753683.172912105,138.21805615325715,79.37437025835735
E25,2024-09-18 12:30:00,20616139.924735878,21227361.999593806,816988.1809967324,138.17416187527513,79.25363830488814
E25,2024-09-18 12:30:00,20616245.188031416,21227374.261614095,813973.7795419182,138.1762535196878,79.2593884476557
E27,2024-09-18 12:40:00,-4915599.675566318,-22104882.065763637,19065145.89894114,306.7965775428372,75.46026444286449
E27,2024-09-18 12:40:00,-4978245.092345128,-22163571.65898625,18980515.766876828,306.77242228836695,75.70594949945911
E27,2024-09-18 12:40:00,-4965754.882825837,-22151836.912650313,18997489.13058272,306.7773460461911,75.6568162438457
E27,2024-09-18 12:40:00,-4978245.092345128,-22163571.65898625,18980515.766876828,306.77242228836695,75.70594949945911
E27,2024-09-18 12:50:00,-3069767.26419392,-20539709.533971295,21095384.506102033,306.9729675572477,68.90712269442326
E27,2024-09-18 12:50:00,-3144886.410131516,-20597911.843033615,21027417.347325973,306.98405275564414,69.15222934056868
E27,2024-09-18 12:50:00,-3129898.2141871434,-20586265.448781054,21041063.188290577,306.98195550558404,69.10319990460653
E27,2024-09-18 12:50:00,-3144886.410131516,-20597911.843033615,21027417.347325973,306.98405275564414,69.15222934056868
E27,2024-09-18 13:00:00,-909567.577016981,-19028375.250935778,22659634.00917323,306.0719437242871,62.434411637648985
E27,2024-09-18 13:00:00,-978528.8699574708,-19072206.295515627,22619846.468822457,306.1174780416029,62.6259440414069
E27,2024-09-18 13:00:00,-978528.8699130648,-19072206.29551366,22619846.46882604,306.1174780415219,62.625944041341945
E27,2024-09-18 13:00:00,-995731.255456855,-19083181.81015716,22609829.177788198,306.1286675727335,62.673861045097446
E27,2024-09-18 13:10:00,1517835.937310409,-17643856.85684837,23723393.432740003,303.77674970825814,56.215281893036774
E27,2024-09-18 13:10:00,1422695.6056733849,-17692715.673054513,23692849.044532172,303.89234844854747,56.44110398863615
E27,2024-09-18 13:10:00,1441700.3775152226,-17682922.72772609,23699016.917692564,303.86942740599505,56.39588315453987
E27,2024-09-18 13:10:00,1441700.3802758534,-17682922.726782158,23699016.918297492,303.86942740178426,56.39588314894297
E27,2024-09-18 13:20:00,4149620.727029536,-16447627.424911212,24263229.616351333,299.70542783331587,50.51504082785935
E27,2024-09-18 13:20:00,4068393.7409729664,-16480285.252661886,24254801.094350226,299.8571906457882,50.675134923459154
E27,2024-09-18 13:20:00,4068393.742097257,-16480285.252288464,24254801.094442148,299.8571906435747,50.67513492138652
E27,2024-09-18 13:20:00,4048105.5176624474,-16488482.82531176,24252618.507054627,299.89482833241186,50.71528238543211
E27,2024-09-18 13:30:00,6910542.664436825,-15486318.108349124,24267273.180478767,293.4896857297492,45.71653229737455
E27,2024-09-18 13:30:00,6826626.174533628,-15511411.599289792,24274977.67114903,293.70966929125905,45.84283855362305
E27,2024-09-18 13:30:00,6826626.171640707,-15511411.600260857,24274977.67127528,293.7096692985363,45.84283855832009
E27,2024-09-18 13:30:00,6805653.766239619,-15517722.278498562,24276828.290207975,293.7643382796052,45.8746091227386
E27,2024-09-18 13:40:00,9716833.667904548,-14789191.653523915,23735487.005751368,285.0031860128259,42.31229418100679
E27,2024-09-18 13:40:00,9611814.878823947,-14810381.905061528,23764996.317380276,285.35920622669596,42.408548128326075
E27,2024-09-18 13:40:00,9632823.191486254,-14806112.78959073,23759153.562918205,285.28821400177566,42.38908332450808
E27,2024-09-18 13:40:00,9632823.191336222,-14806112.789660517,23759153.562935516,285.2882140022258,42.389083324746515
E27,2024-09-18 13:50:00,12480598.73584376,-14366620.962924981,22679657.062308926,274.725447344835,40.803825697219764
E27,2024-09-18 13:50:00,12378765.998697663,-14377558.251059577,22728468.381493326,275.13048479959144,40.8216088302222
E27,2024-09-18 13:50:00,12399146.986097459,-14375340.695804538,22718762.62582097,275.0495475620224,40.81780190438826
E27,2024-09-18 13:50:00,12399146.98327281,-14375340.696755338,22718762.626689736,275.0495475725353,40.81780190672193
E27,2024-09-18 14:00:00,15114453.787817195,-14209613.662660128,21123127.968303327,263.8797222442284,41.48816127495875
E27,2024-09-18 14:00:00,15019020.530291434,-14210980.45697233,21190163.351011313,264.27879247307715,41.422685360778814
E27,2024-09-18 14:00:00,15038130.938621847,-14210680.090108018,21176808.937301125,264.1988781247089,41.43553926995086
E27,2024-09-18 14:00:00,15038130.937011516,-14210680.09066284,21176808.938026603,264.19887813120624,41.43553927040019
E27,2024-09-18 14:10:00,17536113.638160575,-14290441.325724076,19100288.81595005,253.8986157776279,44.28148230930012
E27,2024-09-18 14:10:00,17450021.497727737,-14283598.808722671,19184068.314049155,254.2445525777149,44.14286666646425
E27,2024-09-18 14:10:00,17467271.946311533,-14284945.327123873,19167360.069279436,254.17516373678893,44.170396160998486
E27,2024-09-18 14:10:00,17467271.944328833,-14284945.32784073,19167360.070484735,254.17516374482554,44.17039616042968
E30,2024-09-18 12:50:00,16794026.597640637,-7847679.402660917,23074367.296725947,253.00931437426107,26.373787075283488
E30,2024-09-18 12:50:00,16725398.03076431,-7895064.993245774,23107987.18045164,253.49183899716718,26.405442517665698
E30,2024-09-18 12:50:00,16725398.029476585,-7895064.994557535,23107987.180893186,253.49183900666918,26.40544251937235
E30,2024-09-18 12:50:00,16725398.03076431,-7895064.993245774,23107987.18045164,253.49183899716718,26.405442517665698
E30,2024-09-18 13:00:00,18226750.247738615,-6920430.596135226,22270665.524787556,242.75132425467854,26.346666358382258
E30,2024-09-18 13:00:00,18157980.257002655,-6962300.729517741,22313709.319577422,243.24398912962548,26.32014698854995
E30,2024-09-18 13:00:00,18157980.258626003,-6962300.727881661,22313709.318825375,243.24398911662178,26.320146987581726
E30,2024-09-18 13:00:00,18157980.257002655,-6962300.729517741,22313709.319577422,243.24398912962548,26.32014698854995
E30,2024-09-18 13:10:00,20493941.2750724,-5681912.555004642,20587996.167243116,227.5168259947432,28.743872052904848
E30,2024-09-18 13:10:00,20427036.784067333,-5714606.219130919,20645311.989314515,227.92511972213603,28.632583922851016
E30,2024-09-18 13:10:00,20427036.78294327,-5714606.220269215,20645311.990064178,227.92511973088216,28.63258392220252
E30,2024-09-18 13:10:00,20427036.784067333,-5714606.219130919,20645311.989314515,227.92511972213603,28.632583922851016
E30,2024-09-18 13:20:00,22654656.652536828,-4749529.706055219,18450554.470390875,216.0939447139607,33.531794059442234
E30,2024-09-18 13:20:00,22592189.32148578,-4773125.689939828,18520875.3339098,216.37563642984188,33.36227488243897
E30,2024-09-18 13:20:00,22592189.320073314,-4773125.691475512,18520875.335166484,216.37563643961988,33.362274880302934
E30,2024-09-18 13:20:00,22592189.32148578,-4773125.689939828,18520875.3339098,216.37563642984188,33.36227488243897
E30,2024-09-18 13:30:00,24625017.250446737,-4110759.2002779236,15905570.839640593,208.56123041625122,39.811373361113475
E30,2024-09-18 13:30:00,24569430.327309307,-4125908.119201914,15987342.706651496,208.74064910818606,39.60850373741344
E30,2024-09-18 13:30:00,24569430.328236584,-4125908.1181335463,15987342.705563419,208.74064910262055,39.60850373960645
E30,2024-09-18 13:30:00,24569430.327309307,-4125908.119201914,15987342.706651496,208.74064910818606,39.60850373741344
E30,2024-09-18 13:40:00,26327714.044208813,-3734665.8986487873,13009266.721174829,203.83130062016605,46.899260405078664
E30,2024-09-18 13:40:00,26281190.48120786,-3742546.654055833,13100682.8631724,203.94292621587599,46.67941758933815
E30,2024-09-18 13:40:00,26281190.480946574,-3742546.654381007,13100682.863578761,203.94292621729147,46.6794175884926
E30,2024-09-18 13:40:00,26281190.48120786,-3742546.654055833,13100682.8631724,203.94292621587599,46.67941758933815
E30,2024-09-18 13:50:00,27696177.572517276,-3573897.552936735,9825613.080006264,200.88824533715194,54.369112005459286
E30,2024-09-18 13:50:00,27660522.146727536,-3576144.200438756,9924653.995130826,200.95799784460368,54.1421997869636
E30,2024-09-18 13:50:00,27660522.1463096,-3576144.201008084,9924653.996024814,200.9579978467645,54.14219978512238
E30,2024-09-18 13:50:00,27660522.146727536,-3576144.200438756,9924653.995130826,200.95799784460368,54.1421997869636
E30,2024-09-18 14:00:00,28710124.022503912,-3569617.257775719,6279592.64417428,198.9636625380115,62.2792446413404
E30,2024-09-18 14:00:00,28712648.103179175,-3569788.6219445,6267956.536613548,198.9587702735233,62.30456056533697
E30,2024-09-18 14:00:00,28712648.103355054,-3569788.621567142,6267956.536074753,198.95877027234124,62.30456056638033
E30,2024-09-18 14:00:00,28712648.103179175,-3569788.6219445,6267956.536613548,198.9587702735233,62.30456056533697
E30,2024-09-18 14:10:00,29238617.55080608,-3644835.983333579,2882262.93992435,197.7768956419373,69.51910727674289
E30,2024-09-18 14:10:00,29228139.4340461,-3642024.491150148,2989870.5740317795,197.80868797139377,69.29405453197022
E30,2024-09-18 14:10:00,29228139.434152115,-3642024.4908022783,2989870.5735279275,197.80868797041583,69.29405453291312
E30,2024-09-18 14:10:00,29228139.4340461,-3642024.491150148,2989870.5740317795,197.80868797139377,69.29405453197022
E34,2024-09-18 12:50:00,26372435.960427657,-2639967.5451060724,13196532.362120936,200.54975643527703,45.951093425506684
E34,2024-09-18 12:50:00,26404134.985610235,-2650126.5790012158,13130996.475275617,200.52909912530848,46.11805685632245
E34,2024-09-18 12:50:00,26430662.59537934,-2658558.1657125596,13075848.887646444,200.51154092292703,46.258290898979496
E34,2024-09-18 12:50:00,26429401.444421824,-2658158.7707281886,13078476.973277805,200.51238125585135,46.25161341357473
E34,2024-09-18 13:00:00,25006577.57216797,-2120692.7501806575,15707993.461997086,201.09952408761404,39.26391071467243
E34,2024-09-18 13:00:00,25057334.322335873,-2142679.729719022,15623965.448509026,201.0913811331344,39.497834498010526
E34,2024-09-18 13:00:00,25087694.090961974,-2155735.101827398,15573407.420308111,201.0860294783202,39.63820298037313
E34,2024-09-18 13:00:00,25086250.000822015,-2155115.742668372,15575817.33875921,201.08629215712787,39.63151854294753
E34,2024-09-18 13:10:00,23162570.792625055,-1189666.0681727296,18400337.26439245,200.6030189092809,31.285673107312665
E34,2024-09-18 13:10:00,23218779.426528398,-1221766.9832771018,18327309.02242349,200.64487936390796,31.516329709826874
E34,2024-09-18 13:10:00,23252445.931324102,-1240882.7363868144,18283326.43874118,200.66900062697889,31.654807458566882
E34,2024-09-18 13:10:00,23250843.772614595,-1239974.9251888294,18285423.657457337,200.66786871777077,31.648211884351472
E34,2024-09-18 13:20:00,21177402.049878918,94473.53468760714,20686209.73376277,197.4643811973863,23.53665045976344
E34,2024-09-18 13:20:00,21236451.91165332,51996.15712018344,20625795.18310452,197.61783159095822,23.75637336231868
E34,2024-09-18 13:20:00,21271860.26555701,26654.02794225594,20589360.048513968,197.707590282145,23.888451300323254
E34,2024-09-18 13:20:00,21270174.530629326,27858.339339116417,20591098.219328254,197.70335484063335,23.882157790883983
E34,2024-09-18 13:30:00,19141744.376628965,1729970.4042981125,22514982.3586422,188.079915535046,16.465345548127605
E34,2024-09-18 13:30:00,19200991.05001657,1677465.9548403472,22468516.765577566,188.50767084108293,16.653292705664466
E34,2024-09-18 13:30:00,19236554.07623109,1646098.5242852757,22440434.35230609,188.75849581137004,16.7667920903181
E34,2024-09-18 13:30:00,19234860.352301557,1647589.908370916,22441775.059901144,188.74664953724994,16.76137514173367
E34,2024-09-18 13:40:00,17144627.58720735,3693978.2502445546,23846377.30600771,163.86446092023766,11.449434250841637
E34,2024-09-18 13:40:00,17201538.032526888,3632395.36466395,23814888.029827606,164.87066828535438,11.539649644258118
E34,2024-09-18 13:40:00,17235733.38565895,3595563.653882589,23795779.233014483,165.46598541843395,11.595925875949911
E34,2024-09-18 13:40:00,17234104.208733737,3597315.5326008135,23796692.83376285,165.43778186696522,11.593209983957495
E34,2024-09-18 13:50:00,15268904.878575731,5944031.097096589,24650984.039140537,125.63838366034922,11.481535827530955
E34,2024-09-18 13:50:00,15321194.968055906,5874872.7418933185,24635167.947381396,126.63871302779556,11.395181728425325
E34,2024-09-18 13:50:00,15352647.800003806,5833471.223152649,24625455.636958487,127.24728305275165,11.345506786770871
E34,2024-09-18 13:50:00,15351148.71267072,5835441.127757332,24625921.913502134,127.2181633218456,11.347835458684544
E34,2024-09-18 14:00:00,13586642.0126553,8419926.11132867,24911024.705105443,102.3372497395316,16.386443930007704
E34,2024-09-18 14:00:00,13632400.150145778,8345173.349564674,24911232.78303283,102.75217870816826,16.206903075613994
E34,2024-09-18 14:00:00,13659957.53061464,8300384.614500501,24911132.46515641,103.00716446670353,16.09985807452519
E34,2024-09-18 14:00:00,13658643.536138527,8302516.333250162,24911141.071558528,102.99491839459985,16.104943673270768
E36,2024-09-18 13:00:00,9541375.053486723,12916899.672648033,24868726.970492076,82.21953063221387,29.007923705884703
E36,2024-09-18 13:00:00,9487052.575379372,12947758.360716,24873457.31506287,82.01980851989046,29.122099561525282
E36,2024-09-18 13:00:00,9532679.915747618,12921829.205836518,24869499.874807235,82.18741187509193,29.02614919806217
E36,2024-09-18 13:00:00,9530506.340317193,12923062.057711942,24869692.14576534,82.17939191410471,29.030708121573138
E36,2024-09-18 13:10:00,7729516.324005258,14028584.521781348,24895433.231934417,76.68837764959417,33.188817905258844
E36,2024-09-18 13:10:00,7760811.675406885,14007881.567374563,24897357.776450396,76.7654268728667,33.110490265749824
E36,2024-09-18 13:10:00,7804671.686433769,13978959.336255528,24899907.537309017,76.87442741846782,33.00105719296252
E36,2024-09-18 13:10:00,7802581.887125721,13980334.945242584,24899789.94571051,76.86920684869304,33.00626227963434
E36,2024-09-18 13:20:00,5329274.516180178,15793465.44594358,24463840.051684383,72.40883977251403,39.7828259812345
E36,2024-09-18 13:20:00,5357890.942560059,15770198.004104702,24472602.134874158,72.44263032983419,39.69741500747813
E36,2024-09-18 13:20:00,5398019.030051321,15737668.977861198,24484726.906684138,72.49065607708702,39.57792866023131
E36,2024-09-18 13:20:00,5398019.028004787,15737668.979187489,24484726.90633528,72.49065607368459,39.577928665523004
